model_name,model_version,run_point,yoda_files,map_name,stat_type,combined_exclusion
,,0000,"['/unix/cedar/junyingwu/contur_compare/grid_snapshot/13TeV/0000/runpoint_0000.yoda.gz', '/unix/cedar/junyingwu/contur_compare/grid_snapshot/7TeV/0000/runpoint_0000.yoda.gz', '/unix/cedar/junyingwu/contur_compare/grid_snapshot/8TeV/0000/runpoint_0000.yoda.gz']",my_run,EXP,0.71321243521135846
,,0000,"['/unix/cedar/junyingwu/contur_compare/grid_snapshot/13TeV/0000/runpoint_0000.yoda.gz', '/unix/cedar/junyingwu/contur_compare/grid_snapshot/7TeV/0000/runpoint_0000.yoda.gz', '/unix/cedar/junyingwu/contur_compare/grid_snapshot/8TeV/0000/runpoint_0000.yoda.gz']",my_run,HLEXP,1
,,0000,"['/unix/cedar/junyingwu/contur_compare/grid_snapshot/13TeV/0000/runpoint_0000.yoda.gz', '/unix/cedar/junyingwu/contur_compare/grid_snapshot/7TeV/0000/runpoint_0000.yoda.gz', '/unix/cedar/junyingwu/contur_compare/grid_snapshot/8TeV/0000/runpoint_0000.yoda.gz']",my_run,SMBG,0.58417918635755983
,,0001,"['/unix/cedar/junyingwu/contur_compare/grid_snapshot/13TeV/0001/runpoint_0001.yoda.gz', '/unix/cedar/junyingwu/contur_compare/grid_snapshot/7TeV/0001/runpoint_0001.yoda.gz', '/unix/cedar/junyingwu/contur_compare/grid_snapshot/8TeV/0001/runpoint_0001.yoda.gz']",my_run,EXP,0.8436154175085363
,,0001,"['/unix/cedar/junyingwu/contur_compare/grid_snapshot/13TeV/0001/runpoint_0001.yoda.gz', '/unix/cedar/junyingwu/contur_compare/grid_snapshot/7TeV/0001/runpoint_0001.yoda.gz', '/unix/cedar/junyingwu/contur_compare/grid_snapshot/8TeV/0001/runpoint_0001.yoda.gz']",my_run,HLEXP,1
,,0001,"['/unix/cedar/junyingwu/contur_compare/grid_snapshot/13TeV/0001/runpoint_0001.yoda.gz', '/unix/cedar/junyingwu/contur_compare/grid_snapshot/7TeV/0001/runpoint_0001.yoda.gz', '/unix/cedar/junyingwu/contur_compare/grid_snapshot/8TeV/0001/runpoint_0001.yoda.gz']",my_run,SMBG,0.6886733816255477
,,0002,"['/unix/cedar/junyingwu/contur_compare/grid_snapshot/13TeV/0002/runpoint_0002.yoda.gz', '/unix/cedar/junyingwu/contur_compare/grid_snapshot/7TeV/0002/runpoint_0002.yoda.gz', '/unix/cedar/junyingwu/contur_compare/grid_snapshot/8TeV/0002/runpoint_0002.yoda.gz']",my_run,EXP,0.44464686846929546
,,0002,"['/unix/cedar/junyingwu/contur_compare/grid_snapshot/13TeV/0002/runpoint_0002.yoda.gz', '/unix/cedar/junyingwu/contur_compare/grid_snapshot/7TeV/0002/runpoint_0002.yoda.gz', '/unix/cedar/junyingwu/contur_compare/grid_snapshot/8TeV/0002/runpoint_0002.yoda.gz']",my_run,HLEXP,1
,,0002,"['/unix/cedar/junyingwu/contur_compare/grid_snapshot/13TeV/0002/runpoint_0002.yoda.gz', '/unix/cedar/junyingwu/contur_compare/grid_snapshot/7TeV/0002/runpoint_0002.yoda.gz', '/unix/cedar/junyingwu/contur_compare/grid_snapshot/8TeV/0002/runpoint_0002.yoda.gz']",my_run,SMBG,0.31505506129681737
,,0003,"['/unix/cedar/junyingwu/contur_compare/grid_snapshot/13TeV/0003/runpoint_0003.yoda.gz', '/unix/cedar/junyingwu/contur_compare/grid_snapshot/7TeV/0003/runpoint_0003.yoda.gz', '/unix/cedar/junyingwu/contur_compare/grid_snapshot/8TeV/0003/runpoint_0003.yoda.gz']",my_run,EXP,0.68256153705408584
,,0003,"['/unix/cedar/junyingwu/contur_compare/grid_snapshot/13TeV/0003/runpoint_0003.yoda.gz', '/unix/cedar/junyingwu/contur_compare/grid_snapshot/7TeV/0003/runpoint_0003.yoda.gz', '/unix/cedar/junyingwu/contur_compare/grid_snapshot/8TeV/0003/runpoint_0003.yoda.gz']",my_run,HLEXP,0.69267840849896234
,,0003,"['/unix/cedar/junyingwu/contur_compare/grid_snapshot/13TeV/0003/runpoint_0003.yoda.gz', '/unix/cedar/junyingwu/contur_compare/grid_snapshot/7TeV/0003/runpoint_0003.yoda.gz', '/unix/cedar/junyingwu/contur_compare/grid_snapshot/8TeV/0003/runpoint_0003.yoda.gz']",my_run,SMBG,0.40540332167082538
,,0004,"['/unix/cedar/junyingwu/contur_compare/grid_snapshot/13TeV/0004/runpoint_0004.yoda.gz', '/unix/cedar/junyingwu/contur_compare/grid_snapshot/7TeV/0004/runpoint_0004.yoda.gz', '/unix/cedar/junyingwu/contur_compare/grid_snapshot/8TeV/0004/runpoint_0004.yoda.gz']",my_run,EXP,0.41409971875667662
,,0004,"['/unix/cedar/junyingwu/contur_compare/grid_snapshot/13TeV/0004/runpoint_0004.yoda.gz', '/unix/cedar/junyingwu/contur_compare/grid_snapshot/7TeV/0004/runpoint_0004.yoda.gz', '/unix/cedar/junyingwu/contur_compare/grid_snapshot/8TeV/0004/runpoint_0004.yoda.gz']",my_run,HLEXP,1
,,0004,"['/unix/cedar/junyingwu/contur_compare/grid_snapshot/13TeV/0004/runpoint_0004.yoda.gz', '/unix/cedar/junyingwu/contur_compare/grid_snapshot/7TeV/0004/runpoint_0004.yoda.gz', '/unix/cedar/junyingwu/contur_compare/grid_snapshot/8TeV/0004/runpoint_0004.yoda.gz']",my_run,SMBG,0.52304409419318776
,,0005,"['/unix/cedar/junyingwu/contur_compare/grid_snapshot/13TeV/0005/runpoint_0005.yoda.gz', '/unix/cedar/junyingwu/contur_compare/grid_snapshot/7TeV/0005/runpoint_0005.yoda.gz', '/unix/cedar/junyingwu/contur_compare/grid_snapshot/8TeV/0005/runpoint_0005.yoda.gz']",my_run,EXP,0.79865194701121989
,,0005,"['/unix/cedar/junyingwu/contur_compare/grid_snapshot/13TeV/0005/runpoint_0005.yoda.gz', '/unix/cedar/junyingwu/contur_compare/grid_snapshot/7TeV/0005/runpoint_0005.yoda.gz', '/unix/cedar/junyingwu/contur_compare/grid_snapshot/8TeV/0005/runpoint_0005.yoda.gz']",my_run,HLEXP,1
,,0005,"['/unix/cedar/junyingwu/contur_compare/grid_snapshot/13TeV/0005/runpoint_0005.yoda.gz', '/unix/cedar/junyingwu/contur_compare/grid_snapshot/7TeV/0005/runpoint_0005.yoda.gz', '/unix/cedar/junyingwu/contur_compare/grid_snapshot/8TeV/0005/runpoint_0005.yoda.gz']",my_run,SMBG,0.67236057990441012
,,0006,"['/unix/cedar/junyingwu/contur_compare/grid_snapshot/13TeV/0006/runpoint_0006.yoda.gz', '/unix/cedar/junyingwu/contur_compare/grid_snapshot/7TeV/0006/runpoint_0006.yoda.gz', '/unix/cedar/junyingwu/contur_compare/grid_snapshot/8TeV/0006/runpoint_0006.yoda.gz']",my_run,EXP,0.50297831590739772
,,0006,"['/unix/cedar/junyingwu/contur_compare/grid_snapshot/13TeV/0006/runpoint_0006.yoda.gz', '/unix/cedar/junyingwu/contur_compare/grid_snapshot/7TeV/0006/runpoint_0006.yoda.gz', '/unix/cedar/junyingwu/contur_compare/grid_snapshot/8TeV/0006/runpoint_0006.yoda.gz']",my_run,HLEXP,1
,,0006,"['/unix/cedar/junyingwu/contur_compare/grid_snapshot/13TeV/0006/runpoint_0006.yoda.gz', '/unix/cedar/junyingwu/contur_compare/grid_snapshot/7TeV/0006/runpoint_0006.yoda.gz', '/unix/cedar/junyingwu/contur_compare/grid_snapshot/8TeV/0006/runpoint_0006.yoda.gz']",my_run,SMBG,0.5432072353940619
,,0007,"['/unix/cedar/junyingwu/contur_compare/grid_snapshot/13TeV/0007/runpoint_0007.yoda.gz', '/unix/cedar/junyingwu/contur_compare/grid_snapshot/7TeV/0007/runpoint_0007.yoda.gz', '/unix/cedar/junyingwu/contur_compare/grid_snapshot/8TeV/0007/runpoint_0007.yoda.gz']",my_run,EXP,0.84805967392859893
,,0007,"['/unix/cedar/junyingwu/contur_compare/grid_snapshot/13TeV/0007/runpoint_0007.yoda.gz', '/unix/cedar/junyingwu/contur_compare/grid_snapshot/7TeV/0007/runpoint_0007.yoda.gz', '/unix/cedar/junyingwu/contur_compare/grid_snapshot/8TeV/0007/runpoint_0007.yoda.gz']",my_run,HLEXP,1
,,0007,"['/unix/cedar/junyingwu/contur_compare/grid_snapshot/13TeV/0007/runpoint_0007.yoda.gz', '/unix/cedar/junyingwu/contur_compare/grid_snapshot/7TeV/0007/runpoint_0007.yoda.gz', '/unix/cedar/junyingwu/contur_compare/grid_snapshot/8TeV/0007/runpoint_0007.yoda.gz']",my_run,SMBG,0.64223260825367179
,,0008,"['/unix/cedar/junyingwu/contur_compare/grid_snapshot/13TeV/0008/runpoint_0008.yoda.gz', '/unix/cedar/junyingwu/contur_compare/grid_snapshot/7TeV/0008/runpoint_0008.yoda.gz', '/unix/cedar/junyingwu/contur_compare/grid_snapshot/8TeV/0008/runpoint_0008.yoda.gz']",my_run,EXP,0.10333657305153832
,,0008,"['/unix/cedar/junyingwu/contur_compare/grid_snapshot/13TeV/0008/runpoint_0008.yoda.gz', '/unix/cedar/junyingwu/contur_compare/grid_snapshot/7TeV/0008/runpoint_0008.yoda.gz', '/unix/cedar/junyingwu/contur_compare/grid_snapshot/8TeV/0008/runpoint_0008.yoda.gz']",my_run,HLEXP,0.99980869713013409
,,0008,"['/unix/cedar/junyingwu/contur_compare/grid_snapshot/13TeV/0008/runpoint_0008.yoda.gz', '/unix/cedar/junyingwu/contur_compare/grid_snapshot/7TeV/0008/runpoint_0008.yoda.gz', '/unix/cedar/junyingwu/contur_compare/grid_snapshot/8TeV/0008/runpoint_0008.yoda.gz']",my_run,SMBG,0.07461500010110178
,,0009,"['/unix/cedar/junyingwu/contur_compare/grid_snapshot/13TeV/0009/runpoint_0009.yoda.gz', '/unix/cedar/junyingwu/contur_compare/grid_snapshot/7TeV/0009/runpoint_0009.yoda.gz', '/unix/cedar/junyingwu/contur_compare/grid_snapshot/8TeV/0009/runpoint_0009.yoda.gz']",my_run,EXP,0.38022658907304052
,,0009,"['/unix/cedar/junyingwu/contur_compare/grid_snapshot/13TeV/0009/runpoint_0009.yoda.gz', '/unix/cedar/junyingwu/contur_compare/grid_snapshot/7TeV/0009/runpoint_0009.yoda.gz', '/unix/cedar/junyingwu/contur_compare/grid_snapshot/8TeV/0009/runpoint_0009.yoda.gz']",my_run,HLEXP,1
,,0009,"['/unix/cedar/junyingwu/contur_compare/grid_snapshot/13TeV/0009/runpoint_0009.yoda.gz', '/unix/cedar/junyingwu/contur_compare/grid_snapshot/7TeV/0009/runpoint_0009.yoda.gz', '/unix/cedar/junyingwu/contur_compare/grid_snapshot/8TeV/0009/runpoint_0009.yoda.gz']",my_run,SMBG,0.40251832983424607
,,0010,"['/unix/cedar/junyingwu/contur_compare/grid_snapshot/13TeV/0010/runpoint_0010.yoda.gz', '/unix/cedar/junyingwu/contur_compare/grid_snapshot/7TeV/0010/runpoint_0010.yoda.gz', '/unix/cedar/junyingwu/contur_compare/grid_snapshot/8TeV/0010/runpoint_0010.yoda.gz']",my_run,EXP,0.99918597349874183
,,0010,"['/unix/cedar/junyingwu/contur_compare/grid_snapshot/13TeV/0010/runpoint_0010.yoda.gz', '/unix/cedar/junyingwu/contur_compare/grid_snapshot/7TeV/0010/runpoint_0010.yoda.gz', '/unix/cedar/junyingwu/contur_compare/grid_snapshot/8TeV/0010/runpoint_0010.yoda.gz']",my_run,HLEXP,1
,,0010,"['/unix/cedar/junyingwu/contur_compare/grid_snapshot/13TeV/0010/runpoint_0010.yoda.gz', '/unix/cedar/junyingwu/contur_compare/grid_snapshot/7TeV/0010/runpoint_0010.yoda.gz', '/unix/cedar/junyingwu/contur_compare/grid_snapshot/8TeV/0010/runpoint_0010.yoda.gz']",my_run,SMBG,0.96989172433197934
,,0011,"['/unix/cedar/junyingwu/contur_compare/grid_snapshot/13TeV/0011/runpoint_0011.yoda.gz', '/unix/cedar/junyingwu/contur_compare/grid_snapshot/7TeV/0011/runpoint_0011.yoda.gz', '/unix/cedar/junyingwu/contur_compare/grid_snapshot/8TeV/0011/runpoint_0011.yoda.gz']",my_run,EXP,0.99999999945629126
,,0011,"['/unix/cedar/junyingwu/contur_compare/grid_snapshot/13TeV/0011/runpoint_0011.yoda.gz', '/unix/cedar/junyingwu/contur_compare/grid_snapshot/7TeV/0011/runpoint_0011.yoda.gz', '/unix/cedar/junyingwu/contur_compare/grid_snapshot/8TeV/0011/runpoint_0011.yoda.gz']",my_run,HLEXP,1
,,0011,"['/unix/cedar/junyingwu/contur_compare/grid_snapshot/13TeV/0011/runpoint_0011.yoda.gz', '/unix/cedar/junyingwu/contur_compare/grid_snapshot/7TeV/0011/runpoint_0011.yoda.gz', '/unix/cedar/junyingwu/contur_compare/grid_snapshot/8TeV/0011/runpoint_0011.yoda.gz']",my_run,SMBG,0.99999451379918891
,,0012,"['/unix/cedar/junyingwu/contur_compare/grid_snapshot/13TeV/0012/runpoint_0012.yoda.gz', '/unix/cedar/junyingwu/contur_compare/grid_snapshot/7TeV/0012/runpoint_0012.yoda.gz', '/unix/cedar/junyingwu/contur_compare/grid_snapshot/8TeV/0012/runpoint_0012.yoda.gz']",my_run,EXP,0.99999994262685321
,,0012,"['/unix/cedar/junyingwu/contur_compare/grid_snapshot/13TeV/0012/runpoint_0012.yoda.gz', '/unix/cedar/junyingwu/contur_compare/grid_snapshot/7TeV/0012/runpoint_0012.yoda.gz', '/unix/cedar/junyingwu/contur_compare/grid_snapshot/8TeV/0012/runpoint_0012.yoda.gz']",my_run,HLEXP,1
,,0012,"['/unix/cedar/junyingwu/contur_compare/grid_snapshot/13TeV/0012/runpoint_0012.yoda.gz', '/unix/cedar/junyingwu/contur_compare/grid_snapshot/7TeV/0012/runpoint_0012.yoda.gz', '/unix/cedar/junyingwu/contur_compare/grid_snapshot/8TeV/0012/runpoint_0012.yoda.gz']",my_run,SMBG,0.99986013712458521
,,0013,"['/unix/cedar/junyingwu/contur_compare/grid_snapshot/13TeV/0013/runpoint_0013.yoda.gz', '/unix/cedar/junyingwu/contur_compare/grid_snapshot/7TeV/0013/runpoint_0013.yoda.gz', '/unix/cedar/junyingwu/contur_compare/grid_snapshot/8TeV/0013/runpoint_0013.yoda.gz']",my_run,EXP,0.99999748665881949
,,0013,"['/unix/cedar/junyingwu/contur_compare/grid_snapshot/13TeV/0013/runpoint_0013.yoda.gz', '/unix/cedar/junyingwu/contur_compare/grid_snapshot/7TeV/0013/runpoint_0013.yoda.gz', '/unix/cedar/junyingwu/contur_compare/grid_snapshot/8TeV/0013/runpoint_0013.yoda.gz']",my_run,HLEXP,1
,,0013,"['/unix/cedar/junyingwu/contur_compare/grid_snapshot/13TeV/0013/runpoint_0013.yoda.gz', '/unix/cedar/junyingwu/contur_compare/grid_snapshot/7TeV/0013/runpoint_0013.yoda.gz', '/unix/cedar/junyingwu/contur_compare/grid_snapshot/8TeV/0013/runpoint_0013.yoda.gz']",my_run,SMBG,0.99951044827090085
,,0014,"['/unix/cedar/junyingwu/contur_compare/grid_snapshot/13TeV/0014/runpoint_0014.yoda.gz', '/unix/cedar/junyingwu/contur_compare/grid_snapshot/7TeV/0014/runpoint_0014.yoda.gz', '/unix/cedar/junyingwu/contur_compare/grid_snapshot/8TeV/0014/runpoint_0014.yoda.gz']",my_run,EXP,0.99999826229590005
,,0014,"['/unix/cedar/junyingwu/contur_compare/grid_snapshot/13TeV/0014/runpoint_0014.yoda.gz', '/unix/cedar/junyingwu/contur_compare/grid_snapshot/7TeV/0014/runpoint_0014.yoda.gz', '/unix/cedar/junyingwu/contur_compare/grid_snapshot/8TeV/0014/runpoint_0014.yoda.gz']",my_run,HLEXP,1
,,0014,"['/unix/cedar/junyingwu/contur_compare/grid_snapshot/13TeV/0014/runpoint_0014.yoda.gz', '/unix/cedar/junyingwu/contur_compare/grid_snapshot/7TeV/0014/runpoint_0014.yoda.gz', '/unix/cedar/junyingwu/contur_compare/grid_snapshot/8TeV/0014/runpoint_0014.yoda.gz']",my_run,SMBG,0.99874485214409647
,,0015,"['/unix/cedar/junyingwu/contur_compare/grid_snapshot/13TeV/0015/runpoint_0015.yoda.gz', '/unix/cedar/junyingwu/contur_compare/grid_snapshot/7TeV/0015/runpoint_0015.yoda.gz', '/unix/cedar/junyingwu/contur_compare/grid_snapshot/8TeV/0015/runpoint_0015.yoda.gz']",my_run,EXP,0.99999999992990329
,,0015,"['/unix/cedar/junyingwu/contur_compare/grid_snapshot/13TeV/0015/runpoint_0015.yoda.gz', '/unix/cedar/junyingwu/contur_compare/grid_snapshot/7TeV/0015/runpoint_0015.yoda.gz', '/unix/cedar/junyingwu/contur_compare/grid_snapshot/8TeV/0015/runpoint_0015.yoda.gz']",my_run,HLEXP,1
,,0015,"['/unix/cedar/junyingwu/contur_compare/grid_snapshot/13TeV/0015/runpoint_0015.yoda.gz', '/unix/cedar/junyingwu/contur_compare/grid_snapshot/7TeV/0015/runpoint_0015.yoda.gz', '/unix/cedar/junyingwu/contur_compare/grid_snapshot/8TeV/0015/runpoint_0015.yoda.gz']",my_run,SMBG,0.99997323619523282
,,0016,"['/unix/cedar/junyingwu/contur_compare/grid_snapshot/13TeV/0016/runpoint_0016.yoda.gz', '/unix/cedar/junyingwu/contur_compare/grid_snapshot/7TeV/0016/runpoint_0016.yoda.gz', '/unix/cedar/junyingwu/contur_compare/grid_snapshot/8TeV/0016/runpoint_0016.yoda.gz']",my_run,EXP,0.99999999978477638
,,0016,"['/unix/cedar/junyingwu/contur_compare/grid_snapshot/13TeV/0016/runpoint_0016.yoda.gz', '/unix/cedar/junyingwu/contur_compare/grid_snapshot/7TeV/0016/runpoint_0016.yoda.gz', '/unix/cedar/junyingwu/contur_compare/grid_snapshot/8TeV/0016/runpoint_0016.yoda.gz']",my_run,HLEXP,1
,,0016,"['/unix/cedar/junyingwu/contur_compare/grid_snapshot/13TeV/0016/runpoint_0016.yoda.gz', '/unix/cedar/junyingwu/contur_compare/grid_snapshot/7TeV/0016/runpoint_0016.yoda.gz', '/unix/cedar/junyingwu/contur_compare/grid_snapshot/8TeV/0016/runpoint_0016.yoda.gz']",my_run,SMBG,0.99991796123876775
,,0017,"['/unix/cedar/junyingwu/contur_compare/grid_snapshot/13TeV/0017/runpoint_0017.yoda.gz', '/unix/cedar/junyingwu/contur_compare/grid_snapshot/7TeV/0017/runpoint_0017.yoda.gz', '/unix/cedar/junyingwu/contur_compare/grid_snapshot/8TeV/0017/runpoint_0017.yoda.gz']",my_run,EXP,0.99999997293350018
,,0017,"['/unix/cedar/junyingwu/contur_compare/grid_snapshot/13TeV/0017/runpoint_0017.yoda.gz', '/unix/cedar/junyingwu/contur_compare/grid_snapshot/7TeV/0017/runpoint_0017.yoda.gz', '/unix/cedar/junyingwu/contur_compare/grid_snapshot/8TeV/0017/runpoint_0017.yoda.gz']",my_run,HLEXP,1
,,0017,"['/unix/cedar/junyingwu/contur_compare/grid_snapshot/13TeV/0017/runpoint_0017.yoda.gz', '/unix/cedar/junyingwu/contur_compare/grid_snapshot/7TeV/0017/runpoint_0017.yoda.gz', '/unix/cedar/junyingwu/contur_compare/grid_snapshot/8TeV/0017/runpoint_0017.yoda.gz']",my_run,SMBG,0.99975152657982425
,,0018,"['/unix/cedar/junyingwu/contur_compare/grid_snapshot/13TeV/0018/runpoint_0018.yoda.gz', '/unix/cedar/junyingwu/contur_compare/grid_snapshot/7TeV/0018/runpoint_0018.yoda.gz', '/unix/cedar/junyingwu/contur_compare/grid_snapshot/8TeV/0018/runpoint_0018.yoda.gz']",my_run,EXP,0.99999999997316147
,,0018,"['/unix/cedar/junyingwu/contur_compare/grid_snapshot/13TeV/0018/runpoint_0018.yoda.gz', '/unix/cedar/junyingwu/contur_compare/grid_snapshot/7TeV/0018/runpoint_0018.yoda.gz', '/unix/cedar/junyingwu/contur_compare/grid_snapshot/8TeV/0018/runpoint_0018.yoda.gz']",my_run,HLEXP,1
,,0018,"['/unix/cedar/junyingwu/contur_compare/grid_snapshot/13TeV/0018/runpoint_0018.yoda.gz', '/unix/cedar/junyingwu/contur_compare/grid_snapshot/7TeV/0018/runpoint_0018.yoda.gz', '/unix/cedar/junyingwu/contur_compare/grid_snapshot/8TeV/0018/runpoint_0018.yoda.gz']",my_run,SMBG,0.99997372626217707
,,0019,"['/unix/cedar/junyingwu/contur_compare/grid_snapshot/13TeV/0019/runpoint_0019.yoda.gz', '/unix/cedar/junyingwu/contur_compare/grid_snapshot/7TeV/0019/runpoint_0019.yoda.gz', '/unix/cedar/junyingwu/contur_compare/grid_snapshot/8TeV/0019/runpoint_0019.yoda.gz']",my_run,EXP,0.99999979270999506
,,0019,"['/unix/cedar/junyingwu/contur_compare/grid_snapshot/13TeV/0019/runpoint_0019.yoda.gz', '/unix/cedar/junyingwu/contur_compare/grid_snapshot/7TeV/0019/runpoint_0019.yoda.gz', '/unix/cedar/junyingwu/contur_compare/grid_snapshot/8TeV/0019/runpoint_0019.yoda.gz']",my_run,HLEXP,1
,,0019,"['/unix/cedar/junyingwu/contur_compare/grid_snapshot/13TeV/0019/runpoint_0019.yoda.gz', '/unix/cedar/junyingwu/contur_compare/grid_snapshot/7TeV/0019/runpoint_0019.yoda.gz', '/unix/cedar/junyingwu/contur_compare/grid_snapshot/8TeV/0019/runpoint_0019.yoda.gz']",my_run,SMBG,0.99914863898528095
,,0020,"['/unix/cedar/junyingwu/contur_compare/grid_snapshot/13TeV/0020/runpoint_0020.yoda.gz', '/unix/cedar/junyingwu/contur_compare/grid_snapshot/7TeV/0020/runpoint_0020.yoda.gz', '/unix/cedar/junyingwu/contur_compare/grid_snapshot/8TeV/0020/runpoint_0020.yoda.gz']",my_run,EXP,0.99999999995932287
,,0020,"['/unix/cedar/junyingwu/contur_compare/grid_snapshot/13TeV/0020/runpoint_0020.yoda.gz', '/unix/cedar/junyingwu/contur_compare/grid_snapshot/7TeV/0020/runpoint_0020.yoda.gz', '/unix/cedar/junyingwu/contur_compare/grid_snapshot/8TeV/0020/runpoint_0020.yoda.gz']",my_run,HLEXP,1
,,0020,"['/unix/cedar/junyingwu/contur_compare/grid_snapshot/13TeV/0020/runpoint_0020.yoda.gz', '/unix/cedar/junyingwu/contur_compare/grid_snapshot/7TeV/0020/runpoint_0020.yoda.gz', '/unix/cedar/junyingwu/contur_compare/grid_snapshot/8TeV/0020/runpoint_0020.yoda.gz']",my_run,SMBG,0.99999885022053792
,,0021,"['/unix/cedar/junyingwu/contur_compare/grid_snapshot/13TeV/0021/runpoint_0021.yoda.gz', '/unix/cedar/junyingwu/contur_compare/grid_snapshot/7TeV/0021/runpoint_0021.yoda.gz', '/unix/cedar/junyingwu/contur_compare/grid_snapshot/8TeV/0021/runpoint_0021.yoda.gz']",my_run,EXP,0.99999999999216405
,,0021,"['/unix/cedar/junyingwu/contur_compare/grid_snapshot/13TeV/0021/runpoint_0021.yoda.gz', '/unix/cedar/junyingwu/contur_compare/grid_snapshot/7TeV/0021/runpoint_0021.yoda.gz', '/unix/cedar/junyingwu/contur_compare/grid_snapshot/8TeV/0021/runpoint_0021.yoda.gz']",my_run,HLEXP,1
,,0021,"['/unix/cedar/junyingwu/contur_compare/grid_snapshot/13TeV/0021/runpoint_0021.yoda.gz', '/unix/cedar/junyingwu/contur_compare/grid_snapshot/7TeV/0021/runpoint_0021.yoda.gz', '/unix/cedar/junyingwu/contur_compare/grid_snapshot/8TeV/0021/runpoint_0021.yoda.gz']",my_run,SMBG,0.99999982131273779
,,0022,"['/unix/cedar/junyingwu/contur_compare/grid_snapshot/13TeV/0022/runpoint_0022.yoda.gz', '/unix/cedar/junyingwu/contur_compare/grid_snapshot/7TeV/0022/runpoint_0022.yoda.gz', '/unix/cedar/junyingwu/contur_compare/grid_snapshot/8TeV/0022/runpoint_0022.yoda.gz']",my_run,EXP,0.9999999999985415
,,0022,"['/unix/cedar/junyingwu/contur_compare/grid_snapshot/13TeV/0022/runpoint_0022.yoda.gz', '/unix/cedar/junyingwu/contur_compare/grid_snapshot/7TeV/0022/runpoint_0022.yoda.gz', '/unix/cedar/junyingwu/contur_compare/grid_snapshot/8TeV/0022/runpoint_0022.yoda.gz']",my_run,HLEXP,1
,,0022,"['/unix/cedar/junyingwu/contur_compare/grid_snapshot/13TeV/0022/runpoint_0022.yoda.gz', '/unix/cedar/junyingwu/contur_compare/grid_snapshot/7TeV/0022/runpoint_0022.yoda.gz', '/unix/cedar/junyingwu/contur_compare/grid_snapshot/8TeV/0022/runpoint_0022.yoda.gz']",my_run,SMBG,0.99999997400676577
,,0023,"['/unix/cedar/junyingwu/contur_compare/grid_snapshot/13TeV/0023/runpoint_0023.yoda.gz', '/unix/cedar/junyingwu/contur_compare/grid_snapshot/7TeV/0023/runpoint_0023.yoda.gz', '/unix/cedar/junyingwu/contur_compare/grid_snapshot/8TeV/0023/runpoint_0023.yoda.gz']",my_run,EXP,0.99999999999901978
,,0023,"['/unix/cedar/junyingwu/contur_compare/grid_snapshot/13TeV/0023/runpoint_0023.yoda.gz', '/unix/cedar/junyingwu/contur_compare/grid_snapshot/7TeV/0023/runpoint_0023.yoda.gz', '/unix/cedar/junyingwu/contur_compare/grid_snapshot/8TeV/0023/runpoint_0023.yoda.gz']",my_run,HLEXP,1
,,0023,"['/unix/cedar/junyingwu/contur_compare/grid_snapshot/13TeV/0023/runpoint_0023.yoda.gz', '/unix/cedar/junyingwu/contur_compare/grid_snapshot/7TeV/0023/runpoint_0023.yoda.gz', '/unix/cedar/junyingwu/contur_compare/grid_snapshot/8TeV/0023/runpoint_0023.yoda.gz']",my_run,SMBG,0.99999995326055913
,,0024,"['/unix/cedar/junyingwu/contur_compare/grid_snapshot/13TeV/0024/runpoint_0024.yoda.gz', '/unix/cedar/junyingwu/contur_compare/grid_snapshot/7TeV/0024/runpoint_0024.yoda.gz', '/unix/cedar/junyingwu/contur_compare/grid_snapshot/8TeV/0024/runpoint_0024.yoda.gz']",my_run,EXP,0.99999999999571765
,,0024,"['/unix/cedar/junyingwu/contur_compare/grid_snapshot/13TeV/0024/runpoint_0024.yoda.gz', '/unix/cedar/junyingwu/contur_compare/grid_snapshot/7TeV/0024/runpoint_0024.yoda.gz', '/unix/cedar/junyingwu/contur_compare/grid_snapshot/8TeV/0024/runpoint_0024.yoda.gz']",my_run,HLEXP,1
,,0024,"['/unix/cedar/junyingwu/contur_compare/grid_snapshot/13TeV/0024/runpoint_0024.yoda.gz', '/unix/cedar/junyingwu/contur_compare/grid_snapshot/7TeV/0024/runpoint_0024.yoda.gz', '/unix/cedar/junyingwu/contur_compare/grid_snapshot/8TeV/0024/runpoint_0024.yoda.gz']",my_run,SMBG,0.99999980777015651
,,0025,"['/unix/cedar/junyingwu/contur_compare/grid_snapshot/13TeV/0025/runpoint_0025.yoda.gz', '/unix/cedar/junyingwu/contur_compare/grid_snapshot/7TeV/0025/runpoint_0025.yoda.gz', '/unix/cedar/junyingwu/contur_compare/grid_snapshot/8TeV/0025/runpoint_0025.yoda.gz']",my_run,EXP,0.9999999999998731
,,0025,"['/unix/cedar/junyingwu/contur_compare/grid_snapshot/13TeV/0025/runpoint_0025.yoda.gz', '/unix/cedar/junyingwu/contur_compare/grid_snapshot/7TeV/0025/runpoint_0025.yoda.gz', '/unix/cedar/junyingwu/contur_compare/grid_snapshot/8TeV/0025/runpoint_0025.yoda.gz']",my_run,HLEXP,1
,,0025,"['/unix/cedar/junyingwu/contur_compare/grid_snapshot/13TeV/0025/runpoint_0025.yoda.gz', '/unix/cedar/junyingwu/contur_compare/grid_snapshot/7TeV/0025/runpoint_0025.yoda.gz', '/unix/cedar/junyingwu/contur_compare/grid_snapshot/8TeV/0025/runpoint_0025.yoda.gz']",my_run,SMBG,0.99999989635521191
,,0026,"['/unix/cedar/junyingwu/contur_compare/grid_snapshot/13TeV/0026/runpoint_0026.yoda.gz', '/unix/cedar/junyingwu/contur_compare/grid_snapshot/7TeV/0026/runpoint_0026.yoda.gz', '/unix/cedar/junyingwu/contur_compare/grid_snapshot/8TeV/0026/runpoint_0026.yoda.gz']",my_run,EXP,0.99999999966867537
,,0026,"['/unix/cedar/junyingwu/contur_compare/grid_snapshot/13TeV/0026/runpoint_0026.yoda.gz', '/unix/cedar/junyingwu/contur_compare/grid_snapshot/7TeV/0026/runpoint_0026.yoda.gz', '/unix/cedar/junyingwu/contur_compare/grid_snapshot/8TeV/0026/runpoint_0026.yoda.gz']",my_run,HLEXP,1
,,0026,"['/unix/cedar/junyingwu/contur_compare/grid_snapshot/13TeV/0026/runpoint_0026.yoda.gz', '/unix/cedar/junyingwu/contur_compare/grid_snapshot/7TeV/0026/runpoint_0026.yoda.gz', '/unix/cedar/junyingwu/contur_compare/grid_snapshot/8TeV/0026/runpoint_0026.yoda.gz']",my_run,SMBG,0.9999999157613062
,,0027,"['/unix/cedar/junyingwu/contur_compare/grid_snapshot/13TeV/0027/runpoint_0027.yoda.gz', '/unix/cedar/junyingwu/contur_compare/grid_snapshot/7TeV/0027/runpoint_0027.yoda.gz', '/unix/cedar/junyingwu/contur_compare/grid_snapshot/8TeV/0027/runpoint_0027.yoda.gz']",my_run,EXP,0.99999999948457918
,,0027,"['/unix/cedar/junyingwu/contur_compare/grid_snapshot/13TeV/0027/runpoint_0027.yoda.gz', '/unix/cedar/junyingwu/contur_compare/grid_snapshot/7TeV/0027/runpoint_0027.yoda.gz', '/unix/cedar/junyingwu/contur_compare/grid_snapshot/8TeV/0027/runpoint_0027.yoda.gz']",my_run,HLEXP,1
,,0027,"['/unix/cedar/junyingwu/contur_compare/grid_snapshot/13TeV/0027/runpoint_0027.yoda.gz', '/unix/cedar/junyingwu/contur_compare/grid_snapshot/7TeV/0027/runpoint_0027.yoda.gz', '/unix/cedar/junyingwu/contur_compare/grid_snapshot/8TeV/0027/runpoint_0027.yoda.gz']",my_run,SMBG,0.99999986445565536
,,0028,"['/unix/cedar/junyingwu/contur_compare/grid_snapshot/13TeV/0028/runpoint_0028.yoda.gz', '/unix/cedar/junyingwu/contur_compare/grid_snapshot/7TeV/0028/runpoint_0028.yoda.gz', '/unix/cedar/junyingwu/contur_compare/grid_snapshot/8TeV/0028/runpoint_0028.yoda.gz']",my_run,EXP,0.99999999806258799
,,0028,"['/unix/cedar/junyingwu/contur_compare/grid_snapshot/13TeV/0028/runpoint_0028.yoda.gz', '/unix/cedar/junyingwu/contur_compare/grid_snapshot/7TeV/0028/runpoint_0028.yoda.gz', '/unix/cedar/junyingwu/contur_compare/grid_snapshot/8TeV/0028/runpoint_0028.yoda.gz']",my_run,HLEXP,1
,,0028,"['/unix/cedar/junyingwu/contur_compare/grid_snapshot/13TeV/0028/runpoint_0028.yoda.gz', '/unix/cedar/junyingwu/contur_compare/grid_snapshot/7TeV/0028/runpoint_0028.yoda.gz', '/unix/cedar/junyingwu/contur_compare/grid_snapshot/8TeV/0028/runpoint_0028.yoda.gz']",my_run,SMBG,0.99999428489887265
,,0029,"['/unix/cedar/junyingwu/contur_compare/grid_snapshot/13TeV/0029/runpoint_0029.yoda.gz', '/unix/cedar/junyingwu/contur_compare/grid_snapshot/7TeV/0029/runpoint_0029.yoda.gz', '/unix/cedar/junyingwu/contur_compare/grid_snapshot/8TeV/0029/runpoint_0029.yoda.gz']",my_run,EXP,0.99999999998797906
,,0029,"['/unix/cedar/junyingwu/contur_compare/grid_snapshot/13TeV/0029/runpoint_0029.yoda.gz', '/unix/cedar/junyingwu/contur_compare/grid_snapshot/7TeV/0029/runpoint_0029.yoda.gz', '/unix/cedar/junyingwu/contur_compare/grid_snapshot/8TeV/0029/runpoint_0029.yoda.gz']",my_run,HLEXP,1
,,0029,"['/unix/cedar/junyingwu/contur_compare/grid_snapshot/13TeV/0029/runpoint_0029.yoda.gz', '/unix/cedar/junyingwu/contur_compare/grid_snapshot/7TeV/0029/runpoint_0029.yoda.gz', '/unix/cedar/junyingwu/contur_compare/grid_snapshot/8TeV/0029/runpoint_0029.yoda.gz']",my_run,SMBG,0.99999997195765189
,,0030,"['/unix/cedar/junyingwu/contur_compare/grid_snapshot/13TeV/0030/runpoint_0030.yoda.gz', '/unix/cedar/junyingwu/contur_compare/grid_snapshot/7TeV/0030/runpoint_0030.yoda.gz', '/unix/cedar/junyingwu/contur_compare/grid_snapshot/8TeV/0030/runpoint_0030.yoda.gz']",my_run,EXP,0.99999999863523614
,,0030,"['/unix/cedar/junyingwu/contur_compare/grid_snapshot/13TeV/0030/runpoint_0030.yoda.gz', '/unix/cedar/junyingwu/contur_compare/grid_snapshot/7TeV/0030/runpoint_0030.yoda.gz', '/unix/cedar/junyingwu/contur_compare/grid_snapshot/8TeV/0030/runpoint_0030.yoda.gz']",my_run,HLEXP,1
,,0030,"['/unix/cedar/junyingwu/contur_compare/grid_snapshot/13TeV/0030/runpoint_0030.yoda.gz', '/unix/cedar/junyingwu/contur_compare/grid_snapshot/7TeV/0030/runpoint_0030.yoda.gz', '/unix/cedar/junyingwu/contur_compare/grid_snapshot/8TeV/0030/runpoint_0030.yoda.gz']",my_run,SMBG,0.99999973367582817
,,0031,"['/unix/cedar/junyingwu/contur_compare/grid_snapshot/13TeV/0031/runpoint_0031.yoda.gz', '/unix/cedar/junyingwu/contur_compare/grid_snapshot/7TeV/0031/runpoint_0031.yoda.gz', '/unix/cedar/junyingwu/contur_compare/grid_snapshot/8TeV/0031/runpoint_0031.yoda.gz']",my_run,EXP,0.99999999992041888
,,0031,"['/unix/cedar/junyingwu/contur_compare/grid_snapshot/13TeV/0031/runpoint_0031.yoda.gz', '/unix/cedar/junyingwu/contur_compare/grid_snapshot/7TeV/0031/runpoint_0031.yoda.gz', '/unix/cedar/junyingwu/contur_compare/grid_snapshot/8TeV/0031/runpoint_0031.yoda.gz']",my_run,HLEXP,1
,,0031,"['/unix/cedar/junyingwu/contur_compare/grid_snapshot/13TeV/0031/runpoint_0031.yoda.gz', '/unix/cedar/junyingwu/contur_compare/grid_snapshot/7TeV/0031/runpoint_0031.yoda.gz', '/unix/cedar/junyingwu/contur_compare/grid_snapshot/8TeV/0031/runpoint_0031.yoda.gz']",my_run,SMBG,0.9999999424484397
,,0032,"['/unix/cedar/junyingwu/contur_compare/grid_snapshot/13TeV/0032/runpoint_0032.yoda.gz', '/unix/cedar/junyingwu/contur_compare/grid_snapshot/7TeV/0032/runpoint_0032.yoda.gz', '/unix/cedar/junyingwu/contur_compare/grid_snapshot/8TeV/0032/runpoint_0032.yoda.gz']",my_run,EXP,0.99999992070935051
,,0032,"['/unix/cedar/junyingwu/contur_compare/grid_snapshot/13TeV/0032/runpoint_0032.yoda.gz', '/unix/cedar/junyingwu/contur_compare/grid_snapshot/7TeV/0032/runpoint_0032.yoda.gz', '/unix/cedar/junyingwu/contur_compare/grid_snapshot/8TeV/0032/runpoint_0032.yoda.gz']",my_run,HLEXP,1
,,0032,"['/unix/cedar/junyingwu/contur_compare/grid_snapshot/13TeV/0032/runpoint_0032.yoda.gz', '/unix/cedar/junyingwu/contur_compare/grid_snapshot/7TeV/0032/runpoint_0032.yoda.gz', '/unix/cedar/junyingwu/contur_compare/grid_snapshot/8TeV/0032/runpoint_0032.yoda.gz']",my_run,SMBG,0.99990107308027343
,,0033,"['/unix/cedar/junyingwu/contur_compare/grid_snapshot/13TeV/0033/runpoint_0033.yoda.gz', '/unix/cedar/junyingwu/contur_compare/grid_snapshot/7TeV/0033/runpoint_0033.yoda.gz', '/unix/cedar/junyingwu/contur_compare/grid_snapshot/8TeV/0033/runpoint_0033.yoda.gz']",my_run,EXP,0.99999999621663793
,,0033,"['/unix/cedar/junyingwu/contur_compare/grid_snapshot/13TeV/0033/runpoint_0033.yoda.gz', '/unix/cedar/junyingwu/contur_compare/grid_snapshot/7TeV/0033/runpoint_0033.yoda.gz', '/unix/cedar/junyingwu/contur_compare/grid_snapshot/8TeV/0033/runpoint_0033.yoda.gz']",my_run,HLEXP,1
,,0033,"['/unix/cedar/junyingwu/contur_compare/grid_snapshot/13TeV/0033/runpoint_0033.yoda.gz', '/unix/cedar/junyingwu/contur_compare/grid_snapshot/7TeV/0033/runpoint_0033.yoda.gz', '/unix/cedar/junyingwu/contur_compare/grid_snapshot/8TeV/0033/runpoint_0033.yoda.gz']",my_run,SMBG,0.99999897295874662
,,0034,"['/unix/cedar/junyingwu/contur_compare/grid_snapshot/13TeV/0034/runpoint_0034.yoda.gz', '/unix/cedar/junyingwu/contur_compare/grid_snapshot/7TeV/0034/runpoint_0034.yoda.gz', '/unix/cedar/junyingwu/contur_compare/grid_snapshot/8TeV/0034/runpoint_0034.yoda.gz']",my_run,EXP,0.99999999763424086
,,0034,"['/unix/cedar/junyingwu/contur_compare/grid_snapshot/13TeV/0034/runpoint_0034.yoda.gz', '/unix/cedar/junyingwu/contur_compare/grid_snapshot/7TeV/0034/runpoint_0034.yoda.gz', '/unix/cedar/junyingwu/contur_compare/grid_snapshot/8TeV/0034/runpoint_0034.yoda.gz']",my_run,HLEXP,1
,,0034,"['/unix/cedar/junyingwu/contur_compare/grid_snapshot/13TeV/0034/runpoint_0034.yoda.gz', '/unix/cedar/junyingwu/contur_compare/grid_snapshot/7TeV/0034/runpoint_0034.yoda.gz', '/unix/cedar/junyingwu/contur_compare/grid_snapshot/8TeV/0034/runpoint_0034.yoda.gz']",my_run,SMBG,0.99999658861596208
,,0035,"['/unix/cedar/junyingwu/contur_compare/grid_snapshot/13TeV/0035/runpoint_0035.yoda.gz', '/unix/cedar/junyingwu/contur_compare/grid_snapshot/7TeV/0035/runpoint_0035.yoda.gz', '/unix/cedar/junyingwu/contur_compare/grid_snapshot/8TeV/0035/runpoint_0035.yoda.gz']",my_run,EXP,0.99999999999821454
,,0035,"['/unix/cedar/junyingwu/contur_compare/grid_snapshot/13TeV/0035/runpoint_0035.yoda.gz', '/unix/cedar/junyingwu/contur_compare/grid_snapshot/7TeV/0035/runpoint_0035.yoda.gz', '/unix/cedar/junyingwu/contur_compare/grid_snapshot/8TeV/0035/runpoint_0035.yoda.gz']",my_run,HLEXP,1
,,0035,"['/unix/cedar/junyingwu/contur_compare/grid_snapshot/13TeV/0035/runpoint_0035.yoda.gz', '/unix/cedar/junyingwu/contur_compare/grid_snapshot/7TeV/0035/runpoint_0035.yoda.gz', '/unix/cedar/junyingwu/contur_compare/grid_snapshot/8TeV/0035/runpoint_0035.yoda.gz']",my_run,SMBG,0.99999999959252983
,,0036,"['/unix/cedar/junyingwu/contur_compare/grid_snapshot/13TeV/0036/runpoint_0036.yoda.gz', '/unix/cedar/junyingwu/contur_compare/grid_snapshot/7TeV/0036/runpoint_0036.yoda.gz', '/unix/cedar/junyingwu/contur_compare/grid_snapshot/8TeV/0036/runpoint_0036.yoda.gz']",my_run,EXP,0.99999999999981726
,,0036,"['/unix/cedar/junyingwu/contur_compare/grid_snapshot/13TeV/0036/runpoint_0036.yoda.gz', '/unix/cedar/junyingwu/contur_compare/grid_snapshot/7TeV/0036/runpoint_0036.yoda.gz', '/unix/cedar/junyingwu/contur_compare/grid_snapshot/8TeV/0036/runpoint_0036.yoda.gz']",my_run,HLEXP,1
,,0036,"['/unix/cedar/junyingwu/contur_compare/grid_snapshot/13TeV/0036/runpoint_0036.yoda.gz', '/unix/cedar/junyingwu/contur_compare/grid_snapshot/7TeV/0036/runpoint_0036.yoda.gz', '/unix/cedar/junyingwu/contur_compare/grid_snapshot/8TeV/0036/runpoint_0036.yoda.gz']",my_run,SMBG,0.99999999996200695
,,0037,"['/unix/cedar/junyingwu/contur_compare/grid_snapshot/13TeV/0037/runpoint_0037.yoda.gz', '/unix/cedar/junyingwu/contur_compare/grid_snapshot/7TeV/0037/runpoint_0037.yoda.gz', '/unix/cedar/junyingwu/contur_compare/grid_snapshot/8TeV/0037/runpoint_0037.yoda.gz']",my_run,EXP,0.99999999999733535
,,0037,"['/unix/cedar/junyingwu/contur_compare/grid_snapshot/13TeV/0037/runpoint_0037.yoda.gz', '/unix/cedar/junyingwu/contur_compare/grid_snapshot/7TeV/0037/runpoint_0037.yoda.gz', '/unix/cedar/junyingwu/contur_compare/grid_snapshot/8TeV/0037/runpoint_0037.yoda.gz']",my_run,HLEXP,1
,,0037,"['/unix/cedar/junyingwu/contur_compare/grid_snapshot/13TeV/0037/runpoint_0037.yoda.gz', '/unix/cedar/junyingwu/contur_compare/grid_snapshot/7TeV/0037/runpoint_0037.yoda.gz', '/unix/cedar/junyingwu/contur_compare/grid_snapshot/8TeV/0037/runpoint_0037.yoda.gz']",my_run,SMBG,0.99999994361565525
,,0038,"['/unix/cedar/junyingwu/contur_compare/grid_snapshot/13TeV/0038/runpoint_0038.yoda.gz', '/unix/cedar/junyingwu/contur_compare/grid_snapshot/7TeV/0038/runpoint_0038.yoda.gz', '/unix/cedar/junyingwu/contur_compare/grid_snapshot/8TeV/0038/runpoint_0038.yoda.gz']",my_run,EXP,0.99999999999776867
,,0038,"['/unix/cedar/junyingwu/contur_compare/grid_snapshot/13TeV/0038/runpoint_0038.yoda.gz', '/unix/cedar/junyingwu/contur_compare/grid_snapshot/7TeV/0038/runpoint_0038.yoda.gz', '/unix/cedar/junyingwu/contur_compare/grid_snapshot/8TeV/0038/runpoint_0038.yoda.gz']",my_run,HLEXP,1
,,0038,"['/unix/cedar/junyingwu/contur_compare/grid_snapshot/13TeV/0038/runpoint_0038.yoda.gz', '/unix/cedar/junyingwu/contur_compare/grid_snapshot/7TeV/0038/runpoint_0038.yoda.gz', '/unix/cedar/junyingwu/contur_compare/grid_snapshot/8TeV/0038/runpoint_0038.yoda.gz']",my_run,SMBG,0.99999999976595821
,,0039,"['/unix/cedar/junyingwu/contur_compare/grid_snapshot/13TeV/0039/runpoint_0039.yoda.gz', '/unix/cedar/junyingwu/contur_compare/grid_snapshot/7TeV/0039/runpoint_0039.yoda.gz', '/unix/cedar/junyingwu/contur_compare/grid_snapshot/8TeV/0039/runpoint_0039.yoda.gz']",my_run,EXP,0.99999999999985856
,,0039,"['/unix/cedar/junyingwu/contur_compare/grid_snapshot/13TeV/0039/runpoint_0039.yoda.gz', '/unix/cedar/junyingwu/contur_compare/grid_snapshot/7TeV/0039/runpoint_0039.yoda.gz', '/unix/cedar/junyingwu/contur_compare/grid_snapshot/8TeV/0039/runpoint_0039.yoda.gz']",my_run,HLEXP,1
,,0039,"['/unix/cedar/junyingwu/contur_compare/grid_snapshot/13TeV/0039/runpoint_0039.yoda.gz', '/unix/cedar/junyingwu/contur_compare/grid_snapshot/7TeV/0039/runpoint_0039.yoda.gz', '/unix/cedar/junyingwu/contur_compare/grid_snapshot/8TeV/0039/runpoint_0039.yoda.gz']",my_run,SMBG,0.99999999987530397
,,0040,"['/unix/cedar/junyingwu/contur_compare/grid_snapshot/13TeV/0040/runpoint_0040.yoda.gz', '/unix/cedar/junyingwu/contur_compare/grid_snapshot/7TeV/0040/runpoint_0040.yoda.gz', '/unix/cedar/junyingwu/contur_compare/grid_snapshot/8TeV/0040/runpoint_0040.yoda.gz']",my_run,EXP,0.99998702506638648
,,0040,"['/unix/cedar/junyingwu/contur_compare/grid_snapshot/13TeV/0040/runpoint_0040.yoda.gz', '/unix/cedar/junyingwu/contur_compare/grid_snapshot/7TeV/0040/runpoint_0040.yoda.gz', '/unix/cedar/junyingwu/contur_compare/grid_snapshot/8TeV/0040/runpoint_0040.yoda.gz']",my_run,HLEXP,1
,,0040,"['/unix/cedar/junyingwu/contur_compare/grid_snapshot/13TeV/0040/runpoint_0040.yoda.gz', '/unix/cedar/junyingwu/contur_compare/grid_snapshot/7TeV/0040/runpoint_0040.yoda.gz', '/unix/cedar/junyingwu/contur_compare/grid_snapshot/8TeV/0040/runpoint_0040.yoda.gz']",my_run,SMBG,0.99991589271729742
,,0041,"['/unix/cedar/junyingwu/contur_compare/grid_snapshot/13TeV/0041/runpoint_0041.yoda.gz', '/unix/cedar/junyingwu/contur_compare/grid_snapshot/7TeV/0041/runpoint_0041.yoda.gz', '/unix/cedar/junyingwu/contur_compare/grid_snapshot/8TeV/0041/runpoint_0041.yoda.gz']",my_run,EXP,0.99999999999954714
,,0041,"['/unix/cedar/junyingwu/contur_compare/grid_snapshot/13TeV/0041/runpoint_0041.yoda.gz', '/unix/cedar/junyingwu/contur_compare/grid_snapshot/7TeV/0041/runpoint_0041.yoda.gz', '/unix/cedar/junyingwu/contur_compare/grid_snapshot/8TeV/0041/runpoint_0041.yoda.gz']",my_run,HLEXP,1
,,0041,"['/unix/cedar/junyingwu/contur_compare/grid_snapshot/13TeV/0041/runpoint_0041.yoda.gz', '/unix/cedar/junyingwu/contur_compare/grid_snapshot/7TeV/0041/runpoint_0041.yoda.gz', '/unix/cedar/junyingwu/contur_compare/grid_snapshot/8TeV/0041/runpoint_0041.yoda.gz']",my_run,SMBG,0.99999999999312239
,,0042,"['/unix/cedar/junyingwu/contur_compare/grid_snapshot/13TeV/0042/runpoint_0042.yoda.gz', '/unix/cedar/junyingwu/contur_compare/grid_snapshot/7TeV/0042/runpoint_0042.yoda.gz', '/unix/cedar/junyingwu/contur_compare/grid_snapshot/8TeV/0042/runpoint_0042.yoda.gz']",my_run,EXP,0.99999998872168439
,,0042,"['/unix/cedar/junyingwu/contur_compare/grid_snapshot/13TeV/0042/runpoint_0042.yoda.gz', '/unix/cedar/junyingwu/contur_compare/grid_snapshot/7TeV/0042/runpoint_0042.yoda.gz', '/unix/cedar/junyingwu/contur_compare/grid_snapshot/8TeV/0042/runpoint_0042.yoda.gz']",my_run,HLEXP,1
,,0042,"['/unix/cedar/junyingwu/contur_compare/grid_snapshot/13TeV/0042/runpoint_0042.yoda.gz', '/unix/cedar/junyingwu/contur_compare/grid_snapshot/7TeV/0042/runpoint_0042.yoda.gz', '/unix/cedar/junyingwu/contur_compare/grid_snapshot/8TeV/0042/runpoint_0042.yoda.gz']",my_run,SMBG,0.99999993536236575
,,0043,"['/unix/cedar/junyingwu/contur_compare/grid_snapshot/13TeV/0043/runpoint_0043.yoda.gz', '/unix/cedar/junyingwu/contur_compare/grid_snapshot/7TeV/0043/runpoint_0043.yoda.gz', '/unix/cedar/junyingwu/contur_compare/grid_snapshot/8TeV/0043/runpoint_0043.yoda.gz']",my_run,EXP,0.9999995472623413
,,0043,"['/unix/cedar/junyingwu/contur_compare/grid_snapshot/13TeV/0043/runpoint_0043.yoda.gz', '/unix/cedar/junyingwu/contur_compare/grid_snapshot/7TeV/0043/runpoint_0043.yoda.gz', '/unix/cedar/junyingwu/contur_compare/grid_snapshot/8TeV/0043/runpoint_0043.yoda.gz']",my_run,HLEXP,1
,,0043,"['/unix/cedar/junyingwu/contur_compare/grid_snapshot/13TeV/0043/runpoint_0043.yoda.gz', '/unix/cedar/junyingwu/contur_compare/grid_snapshot/7TeV/0043/runpoint_0043.yoda.gz', '/unix/cedar/junyingwu/contur_compare/grid_snapshot/8TeV/0043/runpoint_0043.yoda.gz']",my_run,SMBG,0.99999802829412587
,,0044,"['/unix/cedar/junyingwu/contur_compare/grid_snapshot/13TeV/0044/runpoint_0044.yoda.gz', '/unix/cedar/junyingwu/contur_compare/grid_snapshot/7TeV/0044/runpoint_0044.yoda.gz', '/unix/cedar/junyingwu/contur_compare/grid_snapshot/8TeV/0044/runpoint_0044.yoda.gz']",my_run,EXP,0.9999999979121712
,,0044,"['/unix/cedar/junyingwu/contur_compare/grid_snapshot/13TeV/0044/runpoint_0044.yoda.gz', '/unix/cedar/junyingwu/contur_compare/grid_snapshot/7TeV/0044/runpoint_0044.yoda.gz', '/unix/cedar/junyingwu/contur_compare/grid_snapshot/8TeV/0044/runpoint_0044.yoda.gz']",my_run,HLEXP,1
,,0044,"['/unix/cedar/junyingwu/contur_compare/grid_snapshot/13TeV/0044/runpoint_0044.yoda.gz', '/unix/cedar/junyingwu/contur_compare/grid_snapshot/7TeV/0044/runpoint_0044.yoda.gz', '/unix/cedar/junyingwu/contur_compare/grid_snapshot/8TeV/0044/runpoint_0044.yoda.gz']",my_run,SMBG,0.99999989579157877
,,0045,"['/unix/cedar/junyingwu/contur_compare/grid_snapshot/13TeV/0045/runpoint_0045.yoda.gz', '/unix/cedar/junyingwu/contur_compare/grid_snapshot/7TeV/0045/runpoint_0045.yoda.gz', '/unix/cedar/junyingwu/contur_compare/grid_snapshot/8TeV/0045/runpoint_0045.yoda.gz']",my_run,EXP,0.99999999994711042
,,0045,"['/unix/cedar/junyingwu/contur_compare/grid_snapshot/13TeV/0045/runpoint_0045.yoda.gz', '/unix/cedar/junyingwu/contur_compare/grid_snapshot/7TeV/0045/runpoint_0045.yoda.gz', '/unix/cedar/junyingwu/contur_compare/grid_snapshot/8TeV/0045/runpoint_0045.yoda.gz']",my_run,HLEXP,1
,,0045,"['/unix/cedar/junyingwu/contur_compare/grid_snapshot/13TeV/0045/runpoint_0045.yoda.gz', '/unix/cedar/junyingwu/contur_compare/grid_snapshot/7TeV/0045/runpoint_0045.yoda.gz', '/unix/cedar/junyingwu/contur_compare/grid_snapshot/8TeV/0045/runpoint_0045.yoda.gz']",my_run,SMBG,0.99999999850620347
,,0046,"['/unix/cedar/junyingwu/contur_compare/grid_snapshot/13TeV/0046/runpoint_0046.yoda.gz', '/unix/cedar/junyingwu/contur_compare/grid_snapshot/7TeV/0046/runpoint_0046.yoda.gz', '/unix/cedar/junyingwu/contur_compare/grid_snapshot/8TeV/0046/runpoint_0046.yoda.gz']",my_run,EXP,0.99999999994602984
,,0046,"['/unix/cedar/junyingwu/contur_compare/grid_snapshot/13TeV/0046/runpoint_0046.yoda.gz', '/unix/cedar/junyingwu/contur_compare/grid_snapshot/7TeV/0046/runpoint_0046.yoda.gz', '/unix/cedar/junyingwu/contur_compare/grid_snapshot/8TeV/0046/runpoint_0046.yoda.gz']",my_run,HLEXP,1
,,0046,"['/unix/cedar/junyingwu/contur_compare/grid_snapshot/13TeV/0046/runpoint_0046.yoda.gz', '/unix/cedar/junyingwu/contur_compare/grid_snapshot/7TeV/0046/runpoint_0046.yoda.gz', '/unix/cedar/junyingwu/contur_compare/grid_snapshot/8TeV/0046/runpoint_0046.yoda.gz']",my_run,SMBG,0.99999997675751007
,,0047,"['/unix/cedar/junyingwu/contur_compare/grid_snapshot/13TeV/0047/runpoint_0047.yoda.gz', '/unix/cedar/junyingwu/contur_compare/grid_snapshot/7TeV/0047/runpoint_0047.yoda.gz', '/unix/cedar/junyingwu/contur_compare/grid_snapshot/8TeV/0047/runpoint_0047.yoda.gz']",my_run,EXP,0.99999993501883422
,,0047,"['/unix/cedar/junyingwu/contur_compare/grid_snapshot/13TeV/0047/runpoint_0047.yoda.gz', '/unix/cedar/junyingwu/contur_compare/grid_snapshot/7TeV/0047/runpoint_0047.yoda.gz', '/unix/cedar/junyingwu/contur_compare/grid_snapshot/8TeV/0047/runpoint_0047.yoda.gz']",my_run,HLEXP,1
,,0047,"['/unix/cedar/junyingwu/contur_compare/grid_snapshot/13TeV/0047/runpoint_0047.yoda.gz', '/unix/cedar/junyingwu/contur_compare/grid_snapshot/7TeV/0047/runpoint_0047.yoda.gz', '/unix/cedar/junyingwu/contur_compare/grid_snapshot/8TeV/0047/runpoint_0047.yoda.gz']",my_run,SMBG,0.99999669122809254
,,0048,"['/unix/cedar/junyingwu/contur_compare/grid_snapshot/13TeV/0048/runpoint_0048.yoda.gz', '/unix/cedar/junyingwu/contur_compare/grid_snapshot/7TeV/0048/runpoint_0048.yoda.gz', '/unix/cedar/junyingwu/contur_compare/grid_snapshot/8TeV/0048/runpoint_0048.yoda.gz']",my_run,EXP,0.99999999928942573
,,0048,"['/unix/cedar/junyingwu/contur_compare/grid_snapshot/13TeV/0048/runpoint_0048.yoda.gz', '/unix/cedar/junyingwu/contur_compare/grid_snapshot/7TeV/0048/runpoint_0048.yoda.gz', '/unix/cedar/junyingwu/contur_compare/grid_snapshot/8TeV/0048/runpoint_0048.yoda.gz']",my_run,HLEXP,1
,,0048,"['/unix/cedar/junyingwu/contur_compare/grid_snapshot/13TeV/0048/runpoint_0048.yoda.gz', '/unix/cedar/junyingwu/contur_compare/grid_snapshot/7TeV/0048/runpoint_0048.yoda.gz', '/unix/cedar/junyingwu/contur_compare/grid_snapshot/8TeV/0048/runpoint_0048.yoda.gz']",my_run,SMBG,0.99999990028452834
,,0049,"['/unix/cedar/junyingwu/contur_compare/grid_snapshot/13TeV/0049/runpoint_0049.yoda.gz', '/unix/cedar/junyingwu/contur_compare/grid_snapshot/7TeV/0049/runpoint_0049.yoda.gz', '/unix/cedar/junyingwu/contur_compare/grid_snapshot/8TeV/0049/runpoint_0049.yoda.gz']",my_run,EXP,0.99999999985398047
,,0049,"['/unix/cedar/junyingwu/contur_compare/grid_snapshot/13TeV/0049/runpoint_0049.yoda.gz', '/unix/cedar/junyingwu/contur_compare/grid_snapshot/7TeV/0049/runpoint_0049.yoda.gz', '/unix/cedar/junyingwu/contur_compare/grid_snapshot/8TeV/0049/runpoint_0049.yoda.gz']",my_run,HLEXP,1
,,0049,"['/unix/cedar/junyingwu/contur_compare/grid_snapshot/13TeV/0049/runpoint_0049.yoda.gz', '/unix/cedar/junyingwu/contur_compare/grid_snapshot/7TeV/0049/runpoint_0049.yoda.gz', '/unix/cedar/junyingwu/contur_compare/grid_snapshot/8TeV/0049/runpoint_0049.yoda.gz']",my_run,SMBG,0.99999999863454836
,,0050,"['/unix/cedar/junyingwu/contur_compare/grid_snapshot/13TeV/0050/runpoint_0050.yoda.gz', '/unix/cedar/junyingwu/contur_compare/grid_snapshot/7TeV/0050/runpoint_0050.yoda.gz', '/unix/cedar/junyingwu/contur_compare/grid_snapshot/8TeV/0050/runpoint_0050.yoda.gz']",my_run,EXP,0.99999597688307751
,,0050,"['/unix/cedar/junyingwu/contur_compare/grid_snapshot/13TeV/0050/runpoint_0050.yoda.gz', '/unix/cedar/junyingwu/contur_compare/grid_snapshot/7TeV/0050/runpoint_0050.yoda.gz', '/unix/cedar/junyingwu/contur_compare/grid_snapshot/8TeV/0050/runpoint_0050.yoda.gz']",my_run,HLEXP,1
,,0050,"['/unix/cedar/junyingwu/contur_compare/grid_snapshot/13TeV/0050/runpoint_0050.yoda.gz', '/unix/cedar/junyingwu/contur_compare/grid_snapshot/7TeV/0050/runpoint_0050.yoda.gz', '/unix/cedar/junyingwu/contur_compare/grid_snapshot/8TeV/0050/runpoint_0050.yoda.gz']",my_run,SMBG,0.99996997775127405
,,0051,"['/unix/cedar/junyingwu/contur_compare/grid_snapshot/13TeV/0051/runpoint_0051.yoda.gz', '/unix/cedar/junyingwu/contur_compare/grid_snapshot/7TeV/0051/runpoint_0051.yoda.gz', '/unix/cedar/junyingwu/contur_compare/grid_snapshot/8TeV/0051/runpoint_0051.yoda.gz']",my_run,EXP,0.99999798869545087
,,0051,"['/unix/cedar/junyingwu/contur_compare/grid_snapshot/13TeV/0051/runpoint_0051.yoda.gz', '/unix/cedar/junyingwu/contur_compare/grid_snapshot/7TeV/0051/runpoint_0051.yoda.gz', '/unix/cedar/junyingwu/contur_compare/grid_snapshot/8TeV/0051/runpoint_0051.yoda.gz']",my_run,HLEXP,1
,,0051,"['/unix/cedar/junyingwu/contur_compare/grid_snapshot/13TeV/0051/runpoint_0051.yoda.gz', '/unix/cedar/junyingwu/contur_compare/grid_snapshot/7TeV/0051/runpoint_0051.yoda.gz', '/unix/cedar/junyingwu/contur_compare/grid_snapshot/8TeV/0051/runpoint_0051.yoda.gz']",my_run,SMBG,0.99996122318560732
,,0052,"['/unix/cedar/junyingwu/contur_compare/grid_snapshot/13TeV/0052/runpoint_0052.yoda.gz', '/unix/cedar/junyingwu/contur_compare/grid_snapshot/7TeV/0052/runpoint_0052.yoda.gz', '/unix/cedar/junyingwu/contur_compare/grid_snapshot/8TeV/0052/runpoint_0052.yoda.gz']",my_run,EXP,0.99999907595593363
,,0052,"['/unix/cedar/junyingwu/contur_compare/grid_snapshot/13TeV/0052/runpoint_0052.yoda.gz', '/unix/cedar/junyingwu/contur_compare/grid_snapshot/7TeV/0052/runpoint_0052.yoda.gz', '/unix/cedar/junyingwu/contur_compare/grid_snapshot/8TeV/0052/runpoint_0052.yoda.gz']",my_run,HLEXP,1
,,0052,"['/unix/cedar/junyingwu/contur_compare/grid_snapshot/13TeV/0052/runpoint_0052.yoda.gz', '/unix/cedar/junyingwu/contur_compare/grid_snapshot/7TeV/0052/runpoint_0052.yoda.gz', '/unix/cedar/junyingwu/contur_compare/grid_snapshot/8TeV/0052/runpoint_0052.yoda.gz']",my_run,SMBG,0.99999602495516293
,,0053,"['/unix/cedar/junyingwu/contur_compare/grid_snapshot/13TeV/0053/runpoint_0053.yoda.gz', '/unix/cedar/junyingwu/contur_compare/grid_snapshot/7TeV/0053/runpoint_0053.yoda.gz', '/unix/cedar/junyingwu/contur_compare/grid_snapshot/8TeV/0053/runpoint_0053.yoda.gz']",my_run,EXP,0.99999995396223873
,,0053,"['/unix/cedar/junyingwu/contur_compare/grid_snapshot/13TeV/0053/runpoint_0053.yoda.gz', '/unix/cedar/junyingwu/contur_compare/grid_snapshot/7TeV/0053/runpoint_0053.yoda.gz', '/unix/cedar/junyingwu/contur_compare/grid_snapshot/8TeV/0053/runpoint_0053.yoda.gz']",my_run,HLEXP,1
,,0053,"['/unix/cedar/junyingwu/contur_compare/grid_snapshot/13TeV/0053/runpoint_0053.yoda.gz', '/unix/cedar/junyingwu/contur_compare/grid_snapshot/7TeV/0053/runpoint_0053.yoda.gz', '/unix/cedar/junyingwu/contur_compare/grid_snapshot/8TeV/0053/runpoint_0053.yoda.gz']",my_run,SMBG,0.99999896025795443
,,0054,"['/unix/cedar/junyingwu/contur_compare/grid_snapshot/13TeV/0054/runpoint_0054.yoda.gz', '/unix/cedar/junyingwu/contur_compare/grid_snapshot/7TeV/0054/runpoint_0054.yoda.gz', '/unix/cedar/junyingwu/contur_compare/grid_snapshot/8TeV/0054/runpoint_0054.yoda.gz']",my_run,EXP,0.99999799411159207
,,0054,"['/unix/cedar/junyingwu/contur_compare/grid_snapshot/13TeV/0054/runpoint_0054.yoda.gz', '/unix/cedar/junyingwu/contur_compare/grid_snapshot/7TeV/0054/runpoint_0054.yoda.gz', '/unix/cedar/junyingwu/contur_compare/grid_snapshot/8TeV/0054/runpoint_0054.yoda.gz']",my_run,HLEXP,1
,,0054,"['/unix/cedar/junyingwu/contur_compare/grid_snapshot/13TeV/0054/runpoint_0054.yoda.gz', '/unix/cedar/junyingwu/contur_compare/grid_snapshot/7TeV/0054/runpoint_0054.yoda.gz', '/unix/cedar/junyingwu/contur_compare/grid_snapshot/8TeV/0054/runpoint_0054.yoda.gz']",my_run,SMBG,0.99997344011566547
,,0055,"['/unix/cedar/junyingwu/contur_compare/grid_snapshot/13TeV/0055/runpoint_0055.yoda.gz', '/unix/cedar/junyingwu/contur_compare/grid_snapshot/7TeV/0055/runpoint_0055.yoda.gz', '/unix/cedar/junyingwu/contur_compare/grid_snapshot/8TeV/0055/runpoint_0055.yoda.gz']",my_run,EXP,0.99999997041921163
,,0055,"['/unix/cedar/junyingwu/contur_compare/grid_snapshot/13TeV/0055/runpoint_0055.yoda.gz', '/unix/cedar/junyingwu/contur_compare/grid_snapshot/7TeV/0055/runpoint_0055.yoda.gz', '/unix/cedar/junyingwu/contur_compare/grid_snapshot/8TeV/0055/runpoint_0055.yoda.gz']",my_run,HLEXP,1
,,0055,"['/unix/cedar/junyingwu/contur_compare/grid_snapshot/13TeV/0055/runpoint_0055.yoda.gz', '/unix/cedar/junyingwu/contur_compare/grid_snapshot/7TeV/0055/runpoint_0055.yoda.gz', '/unix/cedar/junyingwu/contur_compare/grid_snapshot/8TeV/0055/runpoint_0055.yoda.gz']",my_run,SMBG,0.99999956944592616
,,0056,"['/unix/cedar/junyingwu/contur_compare/grid_snapshot/13TeV/0056/runpoint_0056.yoda.gz', '/unix/cedar/junyingwu/contur_compare/grid_snapshot/7TeV/0056/runpoint_0056.yoda.gz', '/unix/cedar/junyingwu/contur_compare/grid_snapshot/8TeV/0056/runpoint_0056.yoda.gz']",my_run,EXP,0.9999999999772442
,,0056,"['/unix/cedar/junyingwu/contur_compare/grid_snapshot/13TeV/0056/runpoint_0056.yoda.gz', '/unix/cedar/junyingwu/contur_compare/grid_snapshot/7TeV/0056/runpoint_0056.yoda.gz', '/unix/cedar/junyingwu/contur_compare/grid_snapshot/8TeV/0056/runpoint_0056.yoda.gz']",my_run,HLEXP,1
,,0056,"['/unix/cedar/junyingwu/contur_compare/grid_snapshot/13TeV/0056/runpoint_0056.yoda.gz', '/unix/cedar/junyingwu/contur_compare/grid_snapshot/7TeV/0056/runpoint_0056.yoda.gz', '/unix/cedar/junyingwu/contur_compare/grid_snapshot/8TeV/0056/runpoint_0056.yoda.gz']",my_run,SMBG,0.99999994174775564
,,0057,"['/unix/cedar/junyingwu/contur_compare/grid_snapshot/13TeV/0057/runpoint_0057.yoda.gz', '/unix/cedar/junyingwu/contur_compare/grid_snapshot/7TeV/0057/runpoint_0057.yoda.gz', '/unix/cedar/junyingwu/contur_compare/grid_snapshot/8TeV/0057/runpoint_0057.yoda.gz']",my_run,EXP,0.999999999993748
,,0057,"['/unix/cedar/junyingwu/contur_compare/grid_snapshot/13TeV/0057/runpoint_0057.yoda.gz', '/unix/cedar/junyingwu/contur_compare/grid_snapshot/7TeV/0057/runpoint_0057.yoda.gz', '/unix/cedar/junyingwu/contur_compare/grid_snapshot/8TeV/0057/runpoint_0057.yoda.gz']",my_run,HLEXP,1
,,0057,"['/unix/cedar/junyingwu/contur_compare/grid_snapshot/13TeV/0057/runpoint_0057.yoda.gz', '/unix/cedar/junyingwu/contur_compare/grid_snapshot/7TeV/0057/runpoint_0057.yoda.gz', '/unix/cedar/junyingwu/contur_compare/grid_snapshot/8TeV/0057/runpoint_0057.yoda.gz']",my_run,SMBG,0.9999999998687531
,,0058,"['/unix/cedar/junyingwu/contur_compare/grid_snapshot/13TeV/0058/runpoint_0058.yoda.gz', '/unix/cedar/junyingwu/contur_compare/grid_snapshot/7TeV/0058/runpoint_0058.yoda.gz', '/unix/cedar/junyingwu/contur_compare/grid_snapshot/8TeV/0058/runpoint_0058.yoda.gz']",my_run,EXP,0.99999987975305715
,,0058,"['/unix/cedar/junyingwu/contur_compare/grid_snapshot/13TeV/0058/runpoint_0058.yoda.gz', '/unix/cedar/junyingwu/contur_compare/grid_snapshot/7TeV/0058/runpoint_0058.yoda.gz', '/unix/cedar/junyingwu/contur_compare/grid_snapshot/8TeV/0058/runpoint_0058.yoda.gz']",my_run,HLEXP,1
,,0058,"['/unix/cedar/junyingwu/contur_compare/grid_snapshot/13TeV/0058/runpoint_0058.yoda.gz', '/unix/cedar/junyingwu/contur_compare/grid_snapshot/7TeV/0058/runpoint_0058.yoda.gz', '/unix/cedar/junyingwu/contur_compare/grid_snapshot/8TeV/0058/runpoint_0058.yoda.gz']",my_run,SMBG,0.99999894420833946
,,0059,"['/unix/cedar/junyingwu/contur_compare/grid_snapshot/13TeV/0059/runpoint_0059.yoda.gz', '/unix/cedar/junyingwu/contur_compare/grid_snapshot/7TeV/0059/runpoint_0059.yoda.gz', '/unix/cedar/junyingwu/contur_compare/grid_snapshot/8TeV/0059/runpoint_0059.yoda.gz']",my_run,EXP,0.99999999997351052
,,0059,"['/unix/cedar/junyingwu/contur_compare/grid_snapshot/13TeV/0059/runpoint_0059.yoda.gz', '/unix/cedar/junyingwu/contur_compare/grid_snapshot/7TeV/0059/runpoint_0059.yoda.gz', '/unix/cedar/junyingwu/contur_compare/grid_snapshot/8TeV/0059/runpoint_0059.yoda.gz']",my_run,HLEXP,1
,,0059,"['/unix/cedar/junyingwu/contur_compare/grid_snapshot/13TeV/0059/runpoint_0059.yoda.gz', '/unix/cedar/junyingwu/contur_compare/grid_snapshot/7TeV/0059/runpoint_0059.yoda.gz', '/unix/cedar/junyingwu/contur_compare/grid_snapshot/8TeV/0059/runpoint_0059.yoda.gz']",my_run,SMBG,0.99999999704752851
,,0060,"['/unix/cedar/junyingwu/contur_compare/grid_snapshot/13TeV/0060/runpoint_0060.yoda.gz', '/unix/cedar/junyingwu/contur_compare/grid_snapshot/7TeV/0060/runpoint_0060.yoda.gz', '/unix/cedar/junyingwu/contur_compare/grid_snapshot/8TeV/0060/runpoint_0060.yoda.gz']",my_run,EXP,0.99998109574719884
,,0060,"['/unix/cedar/junyingwu/contur_compare/grid_snapshot/13TeV/0060/runpoint_0060.yoda.gz', '/unix/cedar/junyingwu/contur_compare/grid_snapshot/7TeV/0060/runpoint_0060.yoda.gz', '/unix/cedar/junyingwu/contur_compare/grid_snapshot/8TeV/0060/runpoint_0060.yoda.gz']",my_run,HLEXP,1
,,0060,"['/unix/cedar/junyingwu/contur_compare/grid_snapshot/13TeV/0060/runpoint_0060.yoda.gz', '/unix/cedar/junyingwu/contur_compare/grid_snapshot/7TeV/0060/runpoint_0060.yoda.gz', '/unix/cedar/junyingwu/contur_compare/grid_snapshot/8TeV/0060/runpoint_0060.yoda.gz']",my_run,SMBG,0.99999092902623554
,,0061,"['/unix/cedar/junyingwu/contur_compare/grid_snapshot/13TeV/0061/runpoint_0061.yoda.gz', '/unix/cedar/junyingwu/contur_compare/grid_snapshot/7TeV/0061/runpoint_0061.yoda.gz', '/unix/cedar/junyingwu/contur_compare/grid_snapshot/8TeV/0061/runpoint_0061.yoda.gz']",my_run,EXP,0.99999914004107138
,,0061,"['/unix/cedar/junyingwu/contur_compare/grid_snapshot/13TeV/0061/runpoint_0061.yoda.gz', '/unix/cedar/junyingwu/contur_compare/grid_snapshot/7TeV/0061/runpoint_0061.yoda.gz', '/unix/cedar/junyingwu/contur_compare/grid_snapshot/8TeV/0061/runpoint_0061.yoda.gz']",my_run,HLEXP,1
,,0061,"['/unix/cedar/junyingwu/contur_compare/grid_snapshot/13TeV/0061/runpoint_0061.yoda.gz', '/unix/cedar/junyingwu/contur_compare/grid_snapshot/7TeV/0061/runpoint_0061.yoda.gz', '/unix/cedar/junyingwu/contur_compare/grid_snapshot/8TeV/0061/runpoint_0061.yoda.gz']",my_run,SMBG,0.99999416591431367
,,0062,"['/unix/cedar/junyingwu/contur_compare/grid_snapshot/13TeV/0062/runpoint_0062.yoda.gz', '/unix/cedar/junyingwu/contur_compare/grid_snapshot/7TeV/0062/runpoint_0062.yoda.gz', '/unix/cedar/junyingwu/contur_compare/grid_snapshot/8TeV/0062/runpoint_0062.yoda.gz']",my_run,EXP,0.99999959718903197
,,0062,"['/unix/cedar/junyingwu/contur_compare/grid_snapshot/13TeV/0062/runpoint_0062.yoda.gz', '/unix/cedar/junyingwu/contur_compare/grid_snapshot/7TeV/0062/runpoint_0062.yoda.gz', '/unix/cedar/junyingwu/contur_compare/grid_snapshot/8TeV/0062/runpoint_0062.yoda.gz']",my_run,HLEXP,1
,,0062,"['/unix/cedar/junyingwu/contur_compare/grid_snapshot/13TeV/0062/runpoint_0062.yoda.gz', '/unix/cedar/junyingwu/contur_compare/grid_snapshot/7TeV/0062/runpoint_0062.yoda.gz', '/unix/cedar/junyingwu/contur_compare/grid_snapshot/8TeV/0062/runpoint_0062.yoda.gz']",my_run,SMBG,0.99999007014147723
,,0063,"['/unix/cedar/junyingwu/contur_compare/grid_snapshot/13TeV/0063/runpoint_0063.yoda.gz', '/unix/cedar/junyingwu/contur_compare/grid_snapshot/7TeV/0063/runpoint_0063.yoda.gz', '/unix/cedar/junyingwu/contur_compare/grid_snapshot/8TeV/0063/runpoint_0063.yoda.gz']",my_run,EXP,0.99999250126161698
,,0063,"['/unix/cedar/junyingwu/contur_compare/grid_snapshot/13TeV/0063/runpoint_0063.yoda.gz', '/unix/cedar/junyingwu/contur_compare/grid_snapshot/7TeV/0063/runpoint_0063.yoda.gz', '/unix/cedar/junyingwu/contur_compare/grid_snapshot/8TeV/0063/runpoint_0063.yoda.gz']",my_run,HLEXP,1
,,0063,"['/unix/cedar/junyingwu/contur_compare/grid_snapshot/13TeV/0063/runpoint_0063.yoda.gz', '/unix/cedar/junyingwu/contur_compare/grid_snapshot/7TeV/0063/runpoint_0063.yoda.gz', '/unix/cedar/junyingwu/contur_compare/grid_snapshot/8TeV/0063/runpoint_0063.yoda.gz']",my_run,SMBG,0.99997629652672593
,,0064,"['/unix/cedar/junyingwu/contur_compare/grid_snapshot/13TeV/0064/runpoint_0064.yoda.gz', '/unix/cedar/junyingwu/contur_compare/grid_snapshot/7TeV/0064/runpoint_0064.yoda.gz', '/unix/cedar/junyingwu/contur_compare/grid_snapshot/8TeV/0064/runpoint_0064.yoda.gz']",my_run,EXP,0.99999999259099981
,,0064,"['/unix/cedar/junyingwu/contur_compare/grid_snapshot/13TeV/0064/runpoint_0064.yoda.gz', '/unix/cedar/junyingwu/contur_compare/grid_snapshot/7TeV/0064/runpoint_0064.yoda.gz', '/unix/cedar/junyingwu/contur_compare/grid_snapshot/8TeV/0064/runpoint_0064.yoda.gz']",my_run,HLEXP,1
,,0064,"['/unix/cedar/junyingwu/contur_compare/grid_snapshot/13TeV/0064/runpoint_0064.yoda.gz', '/unix/cedar/junyingwu/contur_compare/grid_snapshot/7TeV/0064/runpoint_0064.yoda.gz', '/unix/cedar/junyingwu/contur_compare/grid_snapshot/8TeV/0064/runpoint_0064.yoda.gz']",my_run,SMBG,0.99999990950349604
,,0065,"['/unix/cedar/junyingwu/contur_compare/grid_snapshot/13TeV/0065/runpoint_0065.yoda.gz', '/unix/cedar/junyingwu/contur_compare/grid_snapshot/7TeV/0065/runpoint_0065.yoda.gz', '/unix/cedar/junyingwu/contur_compare/grid_snapshot/8TeV/0065/runpoint_0065.yoda.gz']",my_run,EXP,0.99999075060381293
,,0065,"['/unix/cedar/junyingwu/contur_compare/grid_snapshot/13TeV/0065/runpoint_0065.yoda.gz', '/unix/cedar/junyingwu/contur_compare/grid_snapshot/7TeV/0065/runpoint_0065.yoda.gz', '/unix/cedar/junyingwu/contur_compare/grid_snapshot/8TeV/0065/runpoint_0065.yoda.gz']",my_run,HLEXP,1
,,0065,"['/unix/cedar/junyingwu/contur_compare/grid_snapshot/13TeV/0065/runpoint_0065.yoda.gz', '/unix/cedar/junyingwu/contur_compare/grid_snapshot/7TeV/0065/runpoint_0065.yoda.gz', '/unix/cedar/junyingwu/contur_compare/grid_snapshot/8TeV/0065/runpoint_0065.yoda.gz']",my_run,SMBG,0.99999026358787768
,,0066,"['/unix/cedar/junyingwu/contur_compare/grid_snapshot/13TeV/0066/runpoint_0066.yoda.gz', '/unix/cedar/junyingwu/contur_compare/grid_snapshot/7TeV/0066/runpoint_0066.yoda.gz', '/unix/cedar/junyingwu/contur_compare/grid_snapshot/8TeV/0066/runpoint_0066.yoda.gz']",my_run,EXP,0.99999984930423957
,,0066,"['/unix/cedar/junyingwu/contur_compare/grid_snapshot/13TeV/0066/runpoint_0066.yoda.gz', '/unix/cedar/junyingwu/contur_compare/grid_snapshot/7TeV/0066/runpoint_0066.yoda.gz', '/unix/cedar/junyingwu/contur_compare/grid_snapshot/8TeV/0066/runpoint_0066.yoda.gz']",my_run,HLEXP,1
,,0066,"['/unix/cedar/junyingwu/contur_compare/grid_snapshot/13TeV/0066/runpoint_0066.yoda.gz', '/unix/cedar/junyingwu/contur_compare/grid_snapshot/7TeV/0066/runpoint_0066.yoda.gz', '/unix/cedar/junyingwu/contur_compare/grid_snapshot/8TeV/0066/runpoint_0066.yoda.gz']",my_run,SMBG,0.9999958331144444
,,0067,"['/unix/cedar/junyingwu/contur_compare/grid_snapshot/13TeV/0067/runpoint_0067.yoda.gz', '/unix/cedar/junyingwu/contur_compare/grid_snapshot/7TeV/0067/runpoint_0067.yoda.gz', '/unix/cedar/junyingwu/contur_compare/grid_snapshot/8TeV/0067/runpoint_0067.yoda.gz']",my_run,EXP,0.99999994585495344
,,0067,"['/unix/cedar/junyingwu/contur_compare/grid_snapshot/13TeV/0067/runpoint_0067.yoda.gz', '/unix/cedar/junyingwu/contur_compare/grid_snapshot/7TeV/0067/runpoint_0067.yoda.gz', '/unix/cedar/junyingwu/contur_compare/grid_snapshot/8TeV/0067/runpoint_0067.yoda.gz']",my_run,HLEXP,1
,,0067,"['/unix/cedar/junyingwu/contur_compare/grid_snapshot/13TeV/0067/runpoint_0067.yoda.gz', '/unix/cedar/junyingwu/contur_compare/grid_snapshot/7TeV/0067/runpoint_0067.yoda.gz', '/unix/cedar/junyingwu/contur_compare/grid_snapshot/8TeV/0067/runpoint_0067.yoda.gz']",my_run,SMBG,0.99999987404394031
,,0068,"['/unix/cedar/junyingwu/contur_compare/grid_snapshot/13TeV/0068/runpoint_0068.yoda.gz', '/unix/cedar/junyingwu/contur_compare/grid_snapshot/7TeV/0068/runpoint_0068.yoda.gz', '/unix/cedar/junyingwu/contur_compare/grid_snapshot/8TeV/0068/runpoint_0068.yoda.gz']",my_run,EXP,0.99999999131270945
,,0068,"['/unix/cedar/junyingwu/contur_compare/grid_snapshot/13TeV/0068/runpoint_0068.yoda.gz', '/unix/cedar/junyingwu/contur_compare/grid_snapshot/7TeV/0068/runpoint_0068.yoda.gz', '/unix/cedar/junyingwu/contur_compare/grid_snapshot/8TeV/0068/runpoint_0068.yoda.gz']",my_run,HLEXP,1
,,0068,"['/unix/cedar/junyingwu/contur_compare/grid_snapshot/13TeV/0068/runpoint_0068.yoda.gz', '/unix/cedar/junyingwu/contur_compare/grid_snapshot/7TeV/0068/runpoint_0068.yoda.gz', '/unix/cedar/junyingwu/contur_compare/grid_snapshot/8TeV/0068/runpoint_0068.yoda.gz']",my_run,SMBG,0.99999995916583018
,,0069,"['/unix/cedar/junyingwu/contur_compare/grid_snapshot/13TeV/0069/runpoint_0069.yoda.gz', '/unix/cedar/junyingwu/contur_compare/grid_snapshot/7TeV/0069/runpoint_0069.yoda.gz', '/unix/cedar/junyingwu/contur_compare/grid_snapshot/8TeV/0069/runpoint_0069.yoda.gz']",my_run,EXP,0.99999999726134658
,,0069,"['/unix/cedar/junyingwu/contur_compare/grid_snapshot/13TeV/0069/runpoint_0069.yoda.gz', '/unix/cedar/junyingwu/contur_compare/grid_snapshot/7TeV/0069/runpoint_0069.yoda.gz', '/unix/cedar/junyingwu/contur_compare/grid_snapshot/8TeV/0069/runpoint_0069.yoda.gz']",my_run,HLEXP,1
,,0069,"['/unix/cedar/junyingwu/contur_compare/grid_snapshot/13TeV/0069/runpoint_0069.yoda.gz', '/unix/cedar/junyingwu/contur_compare/grid_snapshot/7TeV/0069/runpoint_0069.yoda.gz', '/unix/cedar/junyingwu/contur_compare/grid_snapshot/8TeV/0069/runpoint_0069.yoda.gz']",my_run,SMBG,0.9999999163473835
,,0070,"['/unix/cedar/junyingwu/contur_compare/grid_snapshot/13TeV/0070/runpoint_0070.yoda.gz', '/unix/cedar/junyingwu/contur_compare/grid_snapshot/7TeV/0070/runpoint_0070.yoda.gz', '/unix/cedar/junyingwu/contur_compare/grid_snapshot/8TeV/0070/runpoint_0070.yoda.gz']",my_run,EXP,0.99263495863271733
,,0070,"['/unix/cedar/junyingwu/contur_compare/grid_snapshot/13TeV/0070/runpoint_0070.yoda.gz', '/unix/cedar/junyingwu/contur_compare/grid_snapshot/7TeV/0070/runpoint_0070.yoda.gz', '/unix/cedar/junyingwu/contur_compare/grid_snapshot/8TeV/0070/runpoint_0070.yoda.gz']",my_run,HLEXP,1
,,0070,"['/unix/cedar/junyingwu/contur_compare/grid_snapshot/13TeV/0070/runpoint_0070.yoda.gz', '/unix/cedar/junyingwu/contur_compare/grid_snapshot/7TeV/0070/runpoint_0070.yoda.gz', '/unix/cedar/junyingwu/contur_compare/grid_snapshot/8TeV/0070/runpoint_0070.yoda.gz']",my_run,SMBG,0.96175197379755895
,,0071,"['/unix/cedar/junyingwu/contur_compare/grid_snapshot/13TeV/0071/runpoint_0071.yoda.gz', '/unix/cedar/junyingwu/contur_compare/grid_snapshot/7TeV/0071/runpoint_0071.yoda.gz', '/unix/cedar/junyingwu/contur_compare/grid_snapshot/8TeV/0071/runpoint_0071.yoda.gz']",my_run,EXP,0.99957959550947195
,,0071,"['/unix/cedar/junyingwu/contur_compare/grid_snapshot/13TeV/0071/runpoint_0071.yoda.gz', '/unix/cedar/junyingwu/contur_compare/grid_snapshot/7TeV/0071/runpoint_0071.yoda.gz', '/unix/cedar/junyingwu/contur_compare/grid_snapshot/8TeV/0071/runpoint_0071.yoda.gz']",my_run,HLEXP,1
,,0071,"['/unix/cedar/junyingwu/contur_compare/grid_snapshot/13TeV/0071/runpoint_0071.yoda.gz', '/unix/cedar/junyingwu/contur_compare/grid_snapshot/7TeV/0071/runpoint_0071.yoda.gz', '/unix/cedar/junyingwu/contur_compare/grid_snapshot/8TeV/0071/runpoint_0071.yoda.gz']",my_run,SMBG,0.99882929641352469
,,0072,"['/unix/cedar/junyingwu/contur_compare/grid_snapshot/13TeV/0072/runpoint_0072.yoda.gz', '/unix/cedar/junyingwu/contur_compare/grid_snapshot/7TeV/0072/runpoint_0072.yoda.gz', '/unix/cedar/junyingwu/contur_compare/grid_snapshot/8TeV/0072/runpoint_0072.yoda.gz']",my_run,EXP,0.99937854318161035
,,0072,"['/unix/cedar/junyingwu/contur_compare/grid_snapshot/13TeV/0072/runpoint_0072.yoda.gz', '/unix/cedar/junyingwu/contur_compare/grid_snapshot/7TeV/0072/runpoint_0072.yoda.gz', '/unix/cedar/junyingwu/contur_compare/grid_snapshot/8TeV/0072/runpoint_0072.yoda.gz']",my_run,HLEXP,1
,,0072,"['/unix/cedar/junyingwu/contur_compare/grid_snapshot/13TeV/0072/runpoint_0072.yoda.gz', '/unix/cedar/junyingwu/contur_compare/grid_snapshot/7TeV/0072/runpoint_0072.yoda.gz', '/unix/cedar/junyingwu/contur_compare/grid_snapshot/8TeV/0072/runpoint_0072.yoda.gz']",my_run,SMBG,0.99774326789310108
,,0073,"['/unix/cedar/junyingwu/contur_compare/grid_snapshot/13TeV/0073/runpoint_0073.yoda.gz', '/unix/cedar/junyingwu/contur_compare/grid_snapshot/7TeV/0073/runpoint_0073.yoda.gz', '/unix/cedar/junyingwu/contur_compare/grid_snapshot/8TeV/0073/runpoint_0073.yoda.gz']",my_run,EXP,0.99929942525627524
,,0073,"['/unix/cedar/junyingwu/contur_compare/grid_snapshot/13TeV/0073/runpoint_0073.yoda.gz', '/unix/cedar/junyingwu/contur_compare/grid_snapshot/7TeV/0073/runpoint_0073.yoda.gz', '/unix/cedar/junyingwu/contur_compare/grid_snapshot/8TeV/0073/runpoint_0073.yoda.gz']",my_run,HLEXP,1
,,0073,"['/unix/cedar/junyingwu/contur_compare/grid_snapshot/13TeV/0073/runpoint_0073.yoda.gz', '/unix/cedar/junyingwu/contur_compare/grid_snapshot/7TeV/0073/runpoint_0073.yoda.gz', '/unix/cedar/junyingwu/contur_compare/grid_snapshot/8TeV/0073/runpoint_0073.yoda.gz']",my_run,SMBG,0.99879984149497636
,,0074,"['/unix/cedar/junyingwu/contur_compare/grid_snapshot/13TeV/0074/runpoint_0074.yoda.gz', '/unix/cedar/junyingwu/contur_compare/grid_snapshot/7TeV/0074/runpoint_0074.yoda.gz', '/unix/cedar/junyingwu/contur_compare/grid_snapshot/8TeV/0074/runpoint_0074.yoda.gz']",my_run,EXP,0.99863275884843661
,,0074,"['/unix/cedar/junyingwu/contur_compare/grid_snapshot/13TeV/0074/runpoint_0074.yoda.gz', '/unix/cedar/junyingwu/contur_compare/grid_snapshot/7TeV/0074/runpoint_0074.yoda.gz', '/unix/cedar/junyingwu/contur_compare/grid_snapshot/8TeV/0074/runpoint_0074.yoda.gz']",my_run,HLEXP,1
,,0074,"['/unix/cedar/junyingwu/contur_compare/grid_snapshot/13TeV/0074/runpoint_0074.yoda.gz', '/unix/cedar/junyingwu/contur_compare/grid_snapshot/7TeV/0074/runpoint_0074.yoda.gz', '/unix/cedar/junyingwu/contur_compare/grid_snapshot/8TeV/0074/runpoint_0074.yoda.gz']",my_run,SMBG,0.99691544628440254
,,0075,"['/unix/cedar/junyingwu/contur_compare/grid_snapshot/13TeV/0075/runpoint_0075.yoda.gz', '/unix/cedar/junyingwu/contur_compare/grid_snapshot/7TeV/0075/runpoint_0075.yoda.gz', '/unix/cedar/junyingwu/contur_compare/grid_snapshot/8TeV/0075/runpoint_0075.yoda.gz']",my_run,EXP,0.99896784557743179
,,0075,"['/unix/cedar/junyingwu/contur_compare/grid_snapshot/13TeV/0075/runpoint_0075.yoda.gz', '/unix/cedar/junyingwu/contur_compare/grid_snapshot/7TeV/0075/runpoint_0075.yoda.gz', '/unix/cedar/junyingwu/contur_compare/grid_snapshot/8TeV/0075/runpoint_0075.yoda.gz']",my_run,HLEXP,1
,,0075,"['/unix/cedar/junyingwu/contur_compare/grid_snapshot/13TeV/0075/runpoint_0075.yoda.gz', '/unix/cedar/junyingwu/contur_compare/grid_snapshot/7TeV/0075/runpoint_0075.yoda.gz', '/unix/cedar/junyingwu/contur_compare/grid_snapshot/8TeV/0075/runpoint_0075.yoda.gz']",my_run,SMBG,0.99776211966923267
,,0076,"['/unix/cedar/junyingwu/contur_compare/grid_snapshot/13TeV/0076/runpoint_0076.yoda.gz', '/unix/cedar/junyingwu/contur_compare/grid_snapshot/7TeV/0076/runpoint_0076.yoda.gz', '/unix/cedar/junyingwu/contur_compare/grid_snapshot/8TeV/0076/runpoint_0076.yoda.gz']",my_run,EXP,0.99998455312237056
,,0076,"['/unix/cedar/junyingwu/contur_compare/grid_snapshot/13TeV/0076/runpoint_0076.yoda.gz', '/unix/cedar/junyingwu/contur_compare/grid_snapshot/7TeV/0076/runpoint_0076.yoda.gz', '/unix/cedar/junyingwu/contur_compare/grid_snapshot/8TeV/0076/runpoint_0076.yoda.gz']",my_run,HLEXP,1
,,0076,"['/unix/cedar/junyingwu/contur_compare/grid_snapshot/13TeV/0076/runpoint_0076.yoda.gz', '/unix/cedar/junyingwu/contur_compare/grid_snapshot/7TeV/0076/runpoint_0076.yoda.gz', '/unix/cedar/junyingwu/contur_compare/grid_snapshot/8TeV/0076/runpoint_0076.yoda.gz']",my_run,SMBG,0.99996849804492616
,,0077,"['/unix/cedar/junyingwu/contur_compare/grid_snapshot/13TeV/0077/runpoint_0077.yoda.gz', '/unix/cedar/junyingwu/contur_compare/grid_snapshot/7TeV/0077/runpoint_0077.yoda.gz', '/unix/cedar/junyingwu/contur_compare/grid_snapshot/8TeV/0077/runpoint_0077.yoda.gz']",my_run,EXP,0.99999043692325562
,,0077,"['/unix/cedar/junyingwu/contur_compare/grid_snapshot/13TeV/0077/runpoint_0077.yoda.gz', '/unix/cedar/junyingwu/contur_compare/grid_snapshot/7TeV/0077/runpoint_0077.yoda.gz', '/unix/cedar/junyingwu/contur_compare/grid_snapshot/8TeV/0077/runpoint_0077.yoda.gz']",my_run,HLEXP,1
,,0077,"['/unix/cedar/junyingwu/contur_compare/grid_snapshot/13TeV/0077/runpoint_0077.yoda.gz', '/unix/cedar/junyingwu/contur_compare/grid_snapshot/7TeV/0077/runpoint_0077.yoda.gz', '/unix/cedar/junyingwu/contur_compare/grid_snapshot/8TeV/0077/runpoint_0077.yoda.gz']",my_run,SMBG,0.99999241610533063
,,0078,"['/unix/cedar/junyingwu/contur_compare/grid_snapshot/13TeV/0078/runpoint_0078.yoda.gz', '/unix/cedar/junyingwu/contur_compare/grid_snapshot/7TeV/0078/runpoint_0078.yoda.gz', '/unix/cedar/junyingwu/contur_compare/grid_snapshot/8TeV/0078/runpoint_0078.yoda.gz']",my_run,EXP,0.99999834061699544
,,0078,"['/unix/cedar/junyingwu/contur_compare/grid_snapshot/13TeV/0078/runpoint_0078.yoda.gz', '/unix/cedar/junyingwu/contur_compare/grid_snapshot/7TeV/0078/runpoint_0078.yoda.gz', '/unix/cedar/junyingwu/contur_compare/grid_snapshot/8TeV/0078/runpoint_0078.yoda.gz']",my_run,HLEXP,1
,,0078,"['/unix/cedar/junyingwu/contur_compare/grid_snapshot/13TeV/0078/runpoint_0078.yoda.gz', '/unix/cedar/junyingwu/contur_compare/grid_snapshot/7TeV/0078/runpoint_0078.yoda.gz', '/unix/cedar/junyingwu/contur_compare/grid_snapshot/8TeV/0078/runpoint_0078.yoda.gz']",my_run,SMBG,0.99999453862202148
,,0079,"['/unix/cedar/junyingwu/contur_compare/grid_snapshot/13TeV/0079/runpoint_0079.yoda.gz', '/unix/cedar/junyingwu/contur_compare/grid_snapshot/7TeV/0079/runpoint_0079.yoda.gz', '/unix/cedar/junyingwu/contur_compare/grid_snapshot/8TeV/0079/runpoint_0079.yoda.gz']",my_run,EXP,0.99999999643030335
,,0079,"['/unix/cedar/junyingwu/contur_compare/grid_snapshot/13TeV/0079/runpoint_0079.yoda.gz', '/unix/cedar/junyingwu/contur_compare/grid_snapshot/7TeV/0079/runpoint_0079.yoda.gz', '/unix/cedar/junyingwu/contur_compare/grid_snapshot/8TeV/0079/runpoint_0079.yoda.gz']",my_run,HLEXP,1
,,0079,"['/unix/cedar/junyingwu/contur_compare/grid_snapshot/13TeV/0079/runpoint_0079.yoda.gz', '/unix/cedar/junyingwu/contur_compare/grid_snapshot/7TeV/0079/runpoint_0079.yoda.gz', '/unix/cedar/junyingwu/contur_compare/grid_snapshot/8TeV/0079/runpoint_0079.yoda.gz']",my_run,SMBG,0.99999999080792579
,,0080,"['/unix/cedar/junyingwu/contur_compare/grid_snapshot/13TeV/0080/runpoint_0080.yoda.gz', '/unix/cedar/junyingwu/contur_compare/grid_snapshot/7TeV/0080/runpoint_0080.yoda.gz', '/unix/cedar/junyingwu/contur_compare/grid_snapshot/8TeV/0080/runpoint_0080.yoda.gz']",my_run,EXP,0.99379761109382492
,,0080,"['/unix/cedar/junyingwu/contur_compare/grid_snapshot/13TeV/0080/runpoint_0080.yoda.gz', '/unix/cedar/junyingwu/contur_compare/grid_snapshot/7TeV/0080/runpoint_0080.yoda.gz', '/unix/cedar/junyingwu/contur_compare/grid_snapshot/8TeV/0080/runpoint_0080.yoda.gz']",my_run,HLEXP,1
,,0080,"['/unix/cedar/junyingwu/contur_compare/grid_snapshot/13TeV/0080/runpoint_0080.yoda.gz', '/unix/cedar/junyingwu/contur_compare/grid_snapshot/7TeV/0080/runpoint_0080.yoda.gz', '/unix/cedar/junyingwu/contur_compare/grid_snapshot/8TeV/0080/runpoint_0080.yoda.gz']",my_run,SMBG,0.99120247339885548
,,0081,"['/unix/cedar/junyingwu/contur_compare/grid_snapshot/13TeV/0081/runpoint_0081.yoda.gz', '/unix/cedar/junyingwu/contur_compare/grid_snapshot/7TeV/0081/runpoint_0081.yoda.gz', '/unix/cedar/junyingwu/contur_compare/grid_snapshot/8TeV/0081/runpoint_0081.yoda.gz']",my_run,EXP,0.98277841527673326
,,0081,"['/unix/cedar/junyingwu/contur_compare/grid_snapshot/13TeV/0081/runpoint_0081.yoda.gz', '/unix/cedar/junyingwu/contur_compare/grid_snapshot/7TeV/0081/runpoint_0081.yoda.gz', '/unix/cedar/junyingwu/contur_compare/grid_snapshot/8TeV/0081/runpoint_0081.yoda.gz']",my_run,HLEXP,1
,,0081,"['/unix/cedar/junyingwu/contur_compare/grid_snapshot/13TeV/0081/runpoint_0081.yoda.gz', '/unix/cedar/junyingwu/contur_compare/grid_snapshot/7TeV/0081/runpoint_0081.yoda.gz', '/unix/cedar/junyingwu/contur_compare/grid_snapshot/8TeV/0081/runpoint_0081.yoda.gz']",my_run,SMBG,0.9907993356811361
,,0082,"['/unix/cedar/junyingwu/contur_compare/grid_snapshot/13TeV/0082/runpoint_0082.yoda.gz', '/unix/cedar/junyingwu/contur_compare/grid_snapshot/7TeV/0082/runpoint_0082.yoda.gz', '/unix/cedar/junyingwu/contur_compare/grid_snapshot/8TeV/0082/runpoint_0082.yoda.gz']",my_run,EXP,0.99913060636243822
,,0082,"['/unix/cedar/junyingwu/contur_compare/grid_snapshot/13TeV/0082/runpoint_0082.yoda.gz', '/unix/cedar/junyingwu/contur_compare/grid_snapshot/7TeV/0082/runpoint_0082.yoda.gz', '/unix/cedar/junyingwu/contur_compare/grid_snapshot/8TeV/0082/runpoint_0082.yoda.gz']",my_run,HLEXP,1
,,0082,"['/unix/cedar/junyingwu/contur_compare/grid_snapshot/13TeV/0082/runpoint_0082.yoda.gz', '/unix/cedar/junyingwu/contur_compare/grid_snapshot/7TeV/0082/runpoint_0082.yoda.gz', '/unix/cedar/junyingwu/contur_compare/grid_snapshot/8TeV/0082/runpoint_0082.yoda.gz']",my_run,SMBG,0.99972230554194041
,,0083,"['/unix/cedar/junyingwu/contur_compare/grid_snapshot/13TeV/0083/runpoint_0083.yoda.gz', '/unix/cedar/junyingwu/contur_compare/grid_snapshot/7TeV/0083/runpoint_0083.yoda.gz', '/unix/cedar/junyingwu/contur_compare/grid_snapshot/8TeV/0083/runpoint_0083.yoda.gz']",my_run,EXP,0.99374020855319167
,,0083,"['/unix/cedar/junyingwu/contur_compare/grid_snapshot/13TeV/0083/runpoint_0083.yoda.gz', '/unix/cedar/junyingwu/contur_compare/grid_snapshot/7TeV/0083/runpoint_0083.yoda.gz', '/unix/cedar/junyingwu/contur_compare/grid_snapshot/8TeV/0083/runpoint_0083.yoda.gz']",my_run,HLEXP,1
,,0083,"['/unix/cedar/junyingwu/contur_compare/grid_snapshot/13TeV/0083/runpoint_0083.yoda.gz', '/unix/cedar/junyingwu/contur_compare/grid_snapshot/7TeV/0083/runpoint_0083.yoda.gz', '/unix/cedar/junyingwu/contur_compare/grid_snapshot/8TeV/0083/runpoint_0083.yoda.gz']",my_run,SMBG,0.98811037694544224
,,0084,"['/unix/cedar/junyingwu/contur_compare/grid_snapshot/13TeV/0084/runpoint_0084.yoda.gz', '/unix/cedar/junyingwu/contur_compare/grid_snapshot/7TeV/0084/runpoint_0084.yoda.gz', '/unix/cedar/junyingwu/contur_compare/grid_snapshot/8TeV/0084/runpoint_0084.yoda.gz']",my_run,EXP,0.99558951406648066
,,0084,"['/unix/cedar/junyingwu/contur_compare/grid_snapshot/13TeV/0084/runpoint_0084.yoda.gz', '/unix/cedar/junyingwu/contur_compare/grid_snapshot/7TeV/0084/runpoint_0084.yoda.gz', '/unix/cedar/junyingwu/contur_compare/grid_snapshot/8TeV/0084/runpoint_0084.yoda.gz']",my_run,HLEXP,1
,,0084,"['/unix/cedar/junyingwu/contur_compare/grid_snapshot/13TeV/0084/runpoint_0084.yoda.gz', '/unix/cedar/junyingwu/contur_compare/grid_snapshot/7TeV/0084/runpoint_0084.yoda.gz', '/unix/cedar/junyingwu/contur_compare/grid_snapshot/8TeV/0084/runpoint_0084.yoda.gz']",my_run,SMBG,0.99486545806048887
,,0085,"['/unix/cedar/junyingwu/contur_compare/grid_snapshot/13TeV/0085/runpoint_0085.yoda.gz', '/unix/cedar/junyingwu/contur_compare/grid_snapshot/7TeV/0085/runpoint_0085.yoda.gz', '/unix/cedar/junyingwu/contur_compare/grid_snapshot/8TeV/0085/runpoint_0085.yoda.gz']",my_run,EXP,0.99711972882229416
,,0085,"['/unix/cedar/junyingwu/contur_compare/grid_snapshot/13TeV/0085/runpoint_0085.yoda.gz', '/unix/cedar/junyingwu/contur_compare/grid_snapshot/7TeV/0085/runpoint_0085.yoda.gz', '/unix/cedar/junyingwu/contur_compare/grid_snapshot/8TeV/0085/runpoint_0085.yoda.gz']",my_run,HLEXP,1
,,0085,"['/unix/cedar/junyingwu/contur_compare/grid_snapshot/13TeV/0085/runpoint_0085.yoda.gz', '/unix/cedar/junyingwu/contur_compare/grid_snapshot/7TeV/0085/runpoint_0085.yoda.gz', '/unix/cedar/junyingwu/contur_compare/grid_snapshot/8TeV/0085/runpoint_0085.yoda.gz']",my_run,SMBG,0.98703465469485707
,,0086,"['/unix/cedar/junyingwu/contur_compare/grid_snapshot/13TeV/0086/runpoint_0086.yoda.gz', '/unix/cedar/junyingwu/contur_compare/grid_snapshot/7TeV/0086/runpoint_0086.yoda.gz', '/unix/cedar/junyingwu/contur_compare/grid_snapshot/8TeV/0086/runpoint_0086.yoda.gz']",my_run,EXP,0.99774734401887388
,,0086,"['/unix/cedar/junyingwu/contur_compare/grid_snapshot/13TeV/0086/runpoint_0086.yoda.gz', '/unix/cedar/junyingwu/contur_compare/grid_snapshot/7TeV/0086/runpoint_0086.yoda.gz', '/unix/cedar/junyingwu/contur_compare/grid_snapshot/8TeV/0086/runpoint_0086.yoda.gz']",my_run,HLEXP,1
,,0086,"['/unix/cedar/junyingwu/contur_compare/grid_snapshot/13TeV/0086/runpoint_0086.yoda.gz', '/unix/cedar/junyingwu/contur_compare/grid_snapshot/7TeV/0086/runpoint_0086.yoda.gz', '/unix/cedar/junyingwu/contur_compare/grid_snapshot/8TeV/0086/runpoint_0086.yoda.gz']",my_run,SMBG,0.99389915792111716
,,0087,"['/unix/cedar/junyingwu/contur_compare/grid_snapshot/13TeV/0087/runpoint_0087.yoda.gz', '/unix/cedar/junyingwu/contur_compare/grid_snapshot/7TeV/0087/runpoint_0087.yoda.gz', '/unix/cedar/junyingwu/contur_compare/grid_snapshot/8TeV/0087/runpoint_0087.yoda.gz']",my_run,EXP,0.99990245274349376
,,0087,"['/unix/cedar/junyingwu/contur_compare/grid_snapshot/13TeV/0087/runpoint_0087.yoda.gz', '/unix/cedar/junyingwu/contur_compare/grid_snapshot/7TeV/0087/runpoint_0087.yoda.gz', '/unix/cedar/junyingwu/contur_compare/grid_snapshot/8TeV/0087/runpoint_0087.yoda.gz']",my_run,HLEXP,1
,,0087,"['/unix/cedar/junyingwu/contur_compare/grid_snapshot/13TeV/0087/runpoint_0087.yoda.gz', '/unix/cedar/junyingwu/contur_compare/grid_snapshot/7TeV/0087/runpoint_0087.yoda.gz', '/unix/cedar/junyingwu/contur_compare/grid_snapshot/8TeV/0087/runpoint_0087.yoda.gz']",my_run,SMBG,0.99971259260742418
,,0088,"['/unix/cedar/junyingwu/contur_compare/grid_snapshot/13TeV/0088/runpoint_0088.yoda.gz', '/unix/cedar/junyingwu/contur_compare/grid_snapshot/7TeV/0088/runpoint_0088.yoda.gz', '/unix/cedar/junyingwu/contur_compare/grid_snapshot/8TeV/0088/runpoint_0088.yoda.gz']",my_run,EXP,0.99980336200009279
,,0088,"['/unix/cedar/junyingwu/contur_compare/grid_snapshot/13TeV/0088/runpoint_0088.yoda.gz', '/unix/cedar/junyingwu/contur_compare/grid_snapshot/7TeV/0088/runpoint_0088.yoda.gz', '/unix/cedar/junyingwu/contur_compare/grid_snapshot/8TeV/0088/runpoint_0088.yoda.gz']",my_run,HLEXP,1
,,0088,"['/unix/cedar/junyingwu/contur_compare/grid_snapshot/13TeV/0088/runpoint_0088.yoda.gz', '/unix/cedar/junyingwu/contur_compare/grid_snapshot/7TeV/0088/runpoint_0088.yoda.gz', '/unix/cedar/junyingwu/contur_compare/grid_snapshot/8TeV/0088/runpoint_0088.yoda.gz']",my_run,SMBG,0.99983747347732499
,,0089,"['/unix/cedar/junyingwu/contur_compare/grid_snapshot/13TeV/0089/runpoint_0089.yoda.gz', '/unix/cedar/junyingwu/contur_compare/grid_snapshot/7TeV/0089/runpoint_0089.yoda.gz', '/unix/cedar/junyingwu/contur_compare/grid_snapshot/8TeV/0089/runpoint_0089.yoda.gz']",my_run,EXP,0.99971291195502421
,,0089,"['/unix/cedar/junyingwu/contur_compare/grid_snapshot/13TeV/0089/runpoint_0089.yoda.gz', '/unix/cedar/junyingwu/contur_compare/grid_snapshot/7TeV/0089/runpoint_0089.yoda.gz', '/unix/cedar/junyingwu/contur_compare/grid_snapshot/8TeV/0089/runpoint_0089.yoda.gz']",my_run,HLEXP,1
,,0089,"['/unix/cedar/junyingwu/contur_compare/grid_snapshot/13TeV/0089/runpoint_0089.yoda.gz', '/unix/cedar/junyingwu/contur_compare/grid_snapshot/7TeV/0089/runpoint_0089.yoda.gz', '/unix/cedar/junyingwu/contur_compare/grid_snapshot/8TeV/0089/runpoint_0089.yoda.gz']",my_run,SMBG,0.99924187591443259
,,0090,"['/unix/cedar/junyingwu/contur_compare/grid_snapshot/13TeV/0090/runpoint_0090.yoda.gz', '/unix/cedar/junyingwu/contur_compare/grid_snapshot/7TeV/0090/runpoint_0090.yoda.gz', '/unix/cedar/junyingwu/contur_compare/grid_snapshot/8TeV/0090/runpoint_0090.yoda.gz']",my_run,EXP,0.94314873335500826
,,0090,"['/unix/cedar/junyingwu/contur_compare/grid_snapshot/13TeV/0090/runpoint_0090.yoda.gz', '/unix/cedar/junyingwu/contur_compare/grid_snapshot/7TeV/0090/runpoint_0090.yoda.gz', '/unix/cedar/junyingwu/contur_compare/grid_snapshot/8TeV/0090/runpoint_0090.yoda.gz']",my_run,HLEXP,1
,,0090,"['/unix/cedar/junyingwu/contur_compare/grid_snapshot/13TeV/0090/runpoint_0090.yoda.gz', '/unix/cedar/junyingwu/contur_compare/grid_snapshot/7TeV/0090/runpoint_0090.yoda.gz', '/unix/cedar/junyingwu/contur_compare/grid_snapshot/8TeV/0090/runpoint_0090.yoda.gz']",my_run,SMBG,0.97141560059124843
,,0091,"['/unix/cedar/junyingwu/contur_compare/grid_snapshot/13TeV/0091/runpoint_0091.yoda.gz', '/unix/cedar/junyingwu/contur_compare/grid_snapshot/7TeV/0091/runpoint_0091.yoda.gz', '/unix/cedar/junyingwu/contur_compare/grid_snapshot/8TeV/0091/runpoint_0091.yoda.gz']",my_run,EXP,0.94498852230324415
,,0091,"['/unix/cedar/junyingwu/contur_compare/grid_snapshot/13TeV/0091/runpoint_0091.yoda.gz', '/unix/cedar/junyingwu/contur_compare/grid_snapshot/7TeV/0091/runpoint_0091.yoda.gz', '/unix/cedar/junyingwu/contur_compare/grid_snapshot/8TeV/0091/runpoint_0091.yoda.gz']",my_run,HLEXP,1
,,0091,"['/unix/cedar/junyingwu/contur_compare/grid_snapshot/13TeV/0091/runpoint_0091.yoda.gz', '/unix/cedar/junyingwu/contur_compare/grid_snapshot/7TeV/0091/runpoint_0091.yoda.gz', '/unix/cedar/junyingwu/contur_compare/grid_snapshot/8TeV/0091/runpoint_0091.yoda.gz']",my_run,SMBG,0.94043211749126965
,,0092,"['/unix/cedar/junyingwu/contur_compare/grid_snapshot/13TeV/0092/runpoint_0092.yoda.gz', '/unix/cedar/junyingwu/contur_compare/grid_snapshot/7TeV/0092/runpoint_0092.yoda.gz', '/unix/cedar/junyingwu/contur_compare/grid_snapshot/8TeV/0092/runpoint_0092.yoda.gz']",my_run,EXP,0.89130500953401892
,,0092,"['/unix/cedar/junyingwu/contur_compare/grid_snapshot/13TeV/0092/runpoint_0092.yoda.gz', '/unix/cedar/junyingwu/contur_compare/grid_snapshot/7TeV/0092/runpoint_0092.yoda.gz', '/unix/cedar/junyingwu/contur_compare/grid_snapshot/8TeV/0092/runpoint_0092.yoda.gz']",my_run,HLEXP,1
,,0092,"['/unix/cedar/junyingwu/contur_compare/grid_snapshot/13TeV/0092/runpoint_0092.yoda.gz', '/unix/cedar/junyingwu/contur_compare/grid_snapshot/7TeV/0092/runpoint_0092.yoda.gz', '/unix/cedar/junyingwu/contur_compare/grid_snapshot/8TeV/0092/runpoint_0092.yoda.gz']",my_run,SMBG,0.90466089670689842
,,0093,"['/unix/cedar/junyingwu/contur_compare/grid_snapshot/13TeV/0093/runpoint_0093.yoda.gz', '/unix/cedar/junyingwu/contur_compare/grid_snapshot/7TeV/0093/runpoint_0093.yoda.gz', '/unix/cedar/junyingwu/contur_compare/grid_snapshot/8TeV/0093/runpoint_0093.yoda.gz']",my_run,EXP,0.89673992075079967
,,0093,"['/unix/cedar/junyingwu/contur_compare/grid_snapshot/13TeV/0093/runpoint_0093.yoda.gz', '/unix/cedar/junyingwu/contur_compare/grid_snapshot/7TeV/0093/runpoint_0093.yoda.gz', '/unix/cedar/junyingwu/contur_compare/grid_snapshot/8TeV/0093/runpoint_0093.yoda.gz']",my_run,HLEXP,1
,,0093,"['/unix/cedar/junyingwu/contur_compare/grid_snapshot/13TeV/0093/runpoint_0093.yoda.gz', '/unix/cedar/junyingwu/contur_compare/grid_snapshot/7TeV/0093/runpoint_0093.yoda.gz', '/unix/cedar/junyingwu/contur_compare/grid_snapshot/8TeV/0093/runpoint_0093.yoda.gz']",my_run,SMBG,0.85033128534341662
,,0094,"['/unix/cedar/junyingwu/contur_compare/grid_snapshot/13TeV/0094/runpoint_0094.yoda.gz', '/unix/cedar/junyingwu/contur_compare/grid_snapshot/7TeV/0094/runpoint_0094.yoda.gz', '/unix/cedar/junyingwu/contur_compare/grid_snapshot/8TeV/0094/runpoint_0094.yoda.gz']",my_run,EXP,0.97033684472265902
,,0094,"['/unix/cedar/junyingwu/contur_compare/grid_snapshot/13TeV/0094/runpoint_0094.yoda.gz', '/unix/cedar/junyingwu/contur_compare/grid_snapshot/7TeV/0094/runpoint_0094.yoda.gz', '/unix/cedar/junyingwu/contur_compare/grid_snapshot/8TeV/0094/runpoint_0094.yoda.gz']",my_run,HLEXP,1
,,0094,"['/unix/cedar/junyingwu/contur_compare/grid_snapshot/13TeV/0094/runpoint_0094.yoda.gz', '/unix/cedar/junyingwu/contur_compare/grid_snapshot/7TeV/0094/runpoint_0094.yoda.gz', '/unix/cedar/junyingwu/contur_compare/grid_snapshot/8TeV/0094/runpoint_0094.yoda.gz']",my_run,SMBG,0.9685192260794494
,,0095,"['/unix/cedar/junyingwu/contur_compare/grid_snapshot/13TeV/0095/runpoint_0095.yoda.gz', '/unix/cedar/junyingwu/contur_compare/grid_snapshot/7TeV/0095/runpoint_0095.yoda.gz', '/unix/cedar/junyingwu/contur_compare/grid_snapshot/8TeV/0095/runpoint_0095.yoda.gz']",my_run,EXP,0.97217389918157027
,,0095,"['/unix/cedar/junyingwu/contur_compare/grid_snapshot/13TeV/0095/runpoint_0095.yoda.gz', '/unix/cedar/junyingwu/contur_compare/grid_snapshot/7TeV/0095/runpoint_0095.yoda.gz', '/unix/cedar/junyingwu/contur_compare/grid_snapshot/8TeV/0095/runpoint_0095.yoda.gz']",my_run,HLEXP,1
,,0095,"['/unix/cedar/junyingwu/contur_compare/grid_snapshot/13TeV/0095/runpoint_0095.yoda.gz', '/unix/cedar/junyingwu/contur_compare/grid_snapshot/7TeV/0095/runpoint_0095.yoda.gz', '/unix/cedar/junyingwu/contur_compare/grid_snapshot/8TeV/0095/runpoint_0095.yoda.gz']",my_run,SMBG,0.96908648435650058
,,0096,"['/unix/cedar/junyingwu/contur_compare/grid_snapshot/13TeV/0096/runpoint_0096.yoda.gz', '/unix/cedar/junyingwu/contur_compare/grid_snapshot/7TeV/0096/runpoint_0096.yoda.gz', '/unix/cedar/junyingwu/contur_compare/grid_snapshot/8TeV/0096/runpoint_0096.yoda.gz']",my_run,EXP,0.94591006688486445
,,0096,"['/unix/cedar/junyingwu/contur_compare/grid_snapshot/13TeV/0096/runpoint_0096.yoda.gz', '/unix/cedar/junyingwu/contur_compare/grid_snapshot/7TeV/0096/runpoint_0096.yoda.gz', '/unix/cedar/junyingwu/contur_compare/grid_snapshot/8TeV/0096/runpoint_0096.yoda.gz']",my_run,HLEXP,1
,,0096,"['/unix/cedar/junyingwu/contur_compare/grid_snapshot/13TeV/0096/runpoint_0096.yoda.gz', '/unix/cedar/junyingwu/contur_compare/grid_snapshot/7TeV/0096/runpoint_0096.yoda.gz', '/unix/cedar/junyingwu/contur_compare/grid_snapshot/8TeV/0096/runpoint_0096.yoda.gz']",my_run,SMBG,0.89340453004357478
,,0097,"['/unix/cedar/junyingwu/contur_compare/grid_snapshot/13TeV/0097/runpoint_0097.yoda.gz', '/unix/cedar/junyingwu/contur_compare/grid_snapshot/7TeV/0097/runpoint_0097.yoda.gz', '/unix/cedar/junyingwu/contur_compare/grid_snapshot/8TeV/0097/runpoint_0097.yoda.gz']",my_run,EXP,0.9778296016396264
,,0097,"['/unix/cedar/junyingwu/contur_compare/grid_snapshot/13TeV/0097/runpoint_0097.yoda.gz', '/unix/cedar/junyingwu/contur_compare/grid_snapshot/7TeV/0097/runpoint_0097.yoda.gz', '/unix/cedar/junyingwu/contur_compare/grid_snapshot/8TeV/0097/runpoint_0097.yoda.gz']",my_run,HLEXP,1
,,0097,"['/unix/cedar/junyingwu/contur_compare/grid_snapshot/13TeV/0097/runpoint_0097.yoda.gz', '/unix/cedar/junyingwu/contur_compare/grid_snapshot/7TeV/0097/runpoint_0097.yoda.gz', '/unix/cedar/junyingwu/contur_compare/grid_snapshot/8TeV/0097/runpoint_0097.yoda.gz']",my_run,SMBG,0.98341833728787886
,,0098,"['/unix/cedar/junyingwu/contur_compare/grid_snapshot/13TeV/0098/runpoint_0098.yoda.gz', '/unix/cedar/junyingwu/contur_compare/grid_snapshot/7TeV/0098/runpoint_0098.yoda.gz', '/unix/cedar/junyingwu/contur_compare/grid_snapshot/8TeV/0098/runpoint_0098.yoda.gz']",my_run,EXP,0.99637132898155523
,,0098,"['/unix/cedar/junyingwu/contur_compare/grid_snapshot/13TeV/0098/runpoint_0098.yoda.gz', '/unix/cedar/junyingwu/contur_compare/grid_snapshot/7TeV/0098/runpoint_0098.yoda.gz', '/unix/cedar/junyingwu/contur_compare/grid_snapshot/8TeV/0098/runpoint_0098.yoda.gz']",my_run,HLEXP,1
,,0098,"['/unix/cedar/junyingwu/contur_compare/grid_snapshot/13TeV/0098/runpoint_0098.yoda.gz', '/unix/cedar/junyingwu/contur_compare/grid_snapshot/7TeV/0098/runpoint_0098.yoda.gz', '/unix/cedar/junyingwu/contur_compare/grid_snapshot/8TeV/0098/runpoint_0098.yoda.gz']",my_run,SMBG,0.99703016155199609
,,0099,"['/unix/cedar/junyingwu/contur_compare/grid_snapshot/13TeV/0099/runpoint_0099.yoda.gz', '/unix/cedar/junyingwu/contur_compare/grid_snapshot/7TeV/0099/runpoint_0099.yoda.gz', '/unix/cedar/junyingwu/contur_compare/grid_snapshot/8TeV/0099/runpoint_0099.yoda.gz']",my_run,EXP,0.98416218907807906
,,0099,"['/unix/cedar/junyingwu/contur_compare/grid_snapshot/13TeV/0099/runpoint_0099.yoda.gz', '/unix/cedar/junyingwu/contur_compare/grid_snapshot/7TeV/0099/runpoint_0099.yoda.gz', '/unix/cedar/junyingwu/contur_compare/grid_snapshot/8TeV/0099/runpoint_0099.yoda.gz']",my_run,HLEXP,1
,,0099,"['/unix/cedar/junyingwu/contur_compare/grid_snapshot/13TeV/0099/runpoint_0099.yoda.gz', '/unix/cedar/junyingwu/contur_compare/grid_snapshot/7TeV/0099/runpoint_0099.yoda.gz', '/unix/cedar/junyingwu/contur_compare/grid_snapshot/8TeV/0099/runpoint_0099.yoda.gz']",my_run,SMBG,0.9875606764843633
